CUST_NO,CALL_COUNT,MAIN_CATEGORY,SUB_CATEGORY,AVG_SENTIMENT_SCORE
1216408,1,網路連線問題,網路品質,0.0
1148707,1,帳務相關,拆機挽回,0.0
1228870,1,帳務相關,拆機挽回,0.0
686820,2,帳務問題,拆機挽回,0.5
697482,1,帳務相關,拆機挽回,0.0
1184589,2,經銷商問題,台哥大-電訪約裝,0.5
1176799,1,網路連線問題,無法上網,0.0
1259923,1,網路連線問題,Cable modem連線,0.0
946850,2,網路連線問題,無法上網,0.0
871321,1,帳務相關,拆機挽回,0.0
1195781,2,經銷商問題,台哥大-電訪約裝,0.0
1155220,1,帳務相關,拆機挽回,0.0
855551,1,網路連線問題,網路品質,0.0
1194521,1,網路連線問題,Cable modem連線,-1.0
1070160,1,帳務問題,繳費相關問題,0.0
1150343,1,帳務問題,繳費相關問題,0.0
1182608,4,經銷商問題,台哥大-人員進電,0.0
701354,1,網路連線問題,網路品質,0.0
1238343,1,網路連線問題,無法上網,0.0
1148927,3,經銷商問題,台哥大-人員進電,0.6666666666666666
1265960,1,經銷商問題,台哥大-電訪約裝,0.0
1153329,1,網路連線問題,網路品質,0.0
1266588,2,經銷商問題,台哥大-電訪約裝,0.0
1248549,2,經銷商問題,遠傳電信-人員進電,-1.5
689106,1,網路連線問題,無法上網,0.0
1266346,2,經銷商問題,台哥大-電訪約裝,0.0
1167310,1,網路連線問題,無法上網,1.0
1265772,3,經銷商問題,台哥大-電訪約裝,0.0
1263793,2,經銷商問題,台哥大-電訪約裝,0.0
1876,1,帳務問題,繳費相關問題,0.0
1182306,1,帳務問題,繳費相關問題,0.0
1179090,1,非連線問題,用戶移機,0.0
863949,1,網路連線問題,無法上網,-1.0
1258283,1,經銷商問題,遠傳電信-電訪約裝,0.0
1217040,4,經銷商問題,遠傳電信-電訪約裝,0.0
127854,1,網路連線問題,無法上網,0.0
59440,1,經銷商問題,台哥大-電訪約裝,0.0
1266481,1,經銷商問題,遠傳電信-電訪約裝,0.0
85071,1,網路連線問題,網路品質,1.0
682230,1,網路連線問題,無法上網,0.0
1168941,7,經銷商問題,台哥大-電訪約裝,0.0
954104,1,網路連線問題,無法上網,0.0
799050,5,帳務問題,繳費相關問題,0.0
1083826,2,網路連線問題,無法上網,0.0
1248600,1,網路連線問題,無法上網,-1.0
1184738,1,網路連線問題,無法上網,1.0
1266466,2,經銷商問題,遠傳電信-電訪約裝,0.0
730489,2,帳務問題,帳單金額/帳單週期問題,0.0
1070699,1,網路連線問題,無法上網,1.0
1262076,1,網路連線問題,無法上網,0.0
75248,1,網路連線問題,無法上網,0.0
752670,3,經銷商問題,台哥大-電訪約裝,0.0
932043,2,非連線問題,升級換CM,0.5
918313,1,網路連線問題,連線其他相關問題,0.0
687810,1,網路連線問題,無法上網,0.0
1112721,2,帳務問題,繳費相關問題,0.0
1212572,2,經銷商問題,台灣之星-電訪約裝,0.0
702209,1,網路連線問題,無法上網,0.0
692436,1,網路連線問題,無法上網,0.0
1159238,1,網路連線問題,連線某些網站問題,0.0
1190833,1,網路連線問題,網路品質,0.0
933836,3,經銷商問題,台哥大-人員進電,0.0
691400,1,網路連線問題,連線其他相關問題,0.0
1229958,2,帳務問題,繳費相關問題,-0.5
1141391,1,帳務相關,拆機挽回,-1.0
1266482,1,經銷商問題,遠傳電信-電訪約裝,0.0
783939,1,網路連線問題,無法上網,0.0
1230161,4,帳務問題,繳費相關問題,0.0
682506,2,網路連線問題,無法上網,0.5
713369,1,網路連線問題,無法上網,0.0
1063457,7,網路連線問題,無法上網,-0.14285714285714285
27341,1,經銷商問題,遠傳電信-人員進電,0.0
1265933,1,帳務問題,頻寬方案費率,0.0
1266494,3,經銷商問題,用戶服務抱怨,-1.3333333333333333
1113838,2,網路連線問題,Cable modem連線,-0.5
1153454,1,帳務相關,拆機挽回,0.0
1134236,7,經銷商問題,台哥大-電訪約裝,0.14285714285714285
1266190,3,網路連線問題,台哥大-電訪約裝,-0.3333333333333333
74403,1,網路連線問題,連線其他相關問題,0.0
45275,1,網路連線問題,無法上網,0.0
1192161,3,經銷商問題,台哥大-電訪約裝,0.3333333333333333
1056752,1,網路連線問題,無法上網,0.0
821546,1,網路連線問題,無法上網,0.0
908002,1,網路連線問題,連線其他相關問題,0.0
1265547,2,經銷商問題,台哥大-人員進電,0.0
1265640,3,經銷商問題,台哥大-電訪約裝,0.0
1265537,1,經銷商問題,台哥大-電訪約裝,0.0
516686,1,網路連線問題,無法上網,0.0
1176251,1,網路連線問題,無法上網,-1.0
785744,1,帳務相關,拆機挽回,-1.0
709520,1,帳務相關,拆機挽回,-1.0
1170430,1,網路連線問題,無法上網,0.0
1203934,1,帳務問題,用戶復線,0.0
1266493,3,經銷商問題,台哥大-電訪約裝,0.0
1182151,4,經銷商問題,台哥大-電訪約裝,0.25
707126,1,網路連線問題,無法上網,0.0
982299,2,帳務相關,拆機挽回,-1.0
966495,3,網路連線問題,無法上網,0.3333333333333333
1227839,1,帳務問題,用戶復線,-1.0
69244,1,經銷商問題,遠傳電信-電訪約裝,0.0
86731,1,網路連線問題,無法上網,1.0
1264815,1,網路連線問題,無法上網,0.0
1192267,1,註冊問題,mac 己被註冊,1.0
1163394,1,網路連線問題,網路品質,0.0
1266531,2,經銷商問題,台哥大-電訪約裝,0.0
1165856,3,經銷商問題,台哥大-人員進電,0.0
1266518,1,經銷商問題,遠傳電信-電訪約裝,0.0
46377,1,網路連線問題,無法上網,-1.0
1152494,1,網路連線問題,無法上網,-1.0
708798,7,帳務問題,用戶要求優惠,0.14285714285714285
1265890,3,經銷商問題,台哥大-電訪約裝,0.0
1266551,1,經銷商問題,台哥大-電訪約裝,0.0
1266343,2,經銷商問題,台哥大-電訪約裝,0.0
1030053,1,網路連線問題,無法上網,0.0
1266571,1,經銷商問題,台哥大-電訪約裝,0.0
1266000,3,經銷商問題,台哥大-電訪約裝,0.0
1265282,2,經銷商問題,台哥大-人員進電,0.0
1015505,1,網路連線問題,無法上網,1.0
1160170,3,網路連線問題,無法上網,0.3333333333333333
1266627,1,經銷商問題,台哥大-電訪約裝,0.0
1243659,1,網路連線問題,無法上網,1.0
1266584,1,經銷商問題,台哥大-電訪約裝,0.0
1077430,3,網路連線問題,無法上網,0.0
1205019,2,經銷商問題,台哥大-電訪約裝,0.5
1266320,1,經銷商問題,台哥大-電訪約裝,0.0
1230393,1,網路連線問題,無法上網,0.0
1265532,1,經銷商問題,遠傳電信-電訪約裝,0.0
1265565,1,經銷商問題,台哥大-電訪約裝,0.0
1209856,3,經銷商問題,台哥大-電訪約裝,0.0
1152946,1,經銷商問題,台哥大-電訪約裝,0.0
68289,1,經銷商問題,遠傳電信-電訪約裝,0.0
1266739,1,經銷商問題,台哥大-電訪約裝,0.0
966537,3,網路連線問題,連線其他相關問題,0.0
1252905,1,網路連線問題,無法上網,0.0
113619,1,帳務問題,頻寬方案費率,0.0
1263640,1,網路連線問題,無法上網,0.0
1112890,1,帳務相關,拆機挽回,0.0
36973,1,經銷商問題,台哥大-電訪約裝,0.0
1266252,1,經銷商問題,台哥大-電訪約裝,0.0
1265613,1,經銷商問題,台哥大-電訪約裝,0.0
135870,1,網路連線問題,Cable modem連線,-1.0
1265982,1,經銷商問題,台哥大-電訪約裝,0.0
1266663,1,經銷商問題,台哥大-電訪約裝,0.0
1263485,1,網路連線問題,無法上網,0.0
1230843,1,帳務問題,用戶要求優惠,0.0
1154873,1,帳務相關,拆機挽回,0.0
930687,1,帳務問題,帳單金額/帳單週期問題,0.0
1135446,1,網路連線問題,無法上網,0.0
712739,1,帳務問題,帳單/收據寄送問題,0.0
1252426,1,網路連線問題,連線其他相關問題,0.0
1266378,2,經銷商問題,遠傳電信-電訪約裝,0.0
865771,1,網路連線問題,無法上網,0.0
1063801,3,網路連線問題,無法上網,-0.6666666666666666
1186379,1,帳務問題,帳單金額/帳單週期問題,0.0
907392,1,網路連線問題,網路品質,0.0
1266579,1,經銷商問題,台哥大-電訪約裝,0.0
1119116,1,帳務問題,繳費相關問題,0.0
132972,1,帳務問題,繳費相關問題,0.0
1172497,1,網路連線問題,無法上網,0.0
1218002,2,帳務相關,拆機挽回,0.0
1266153,1,經銷商問題,台哥大-電訪約裝,0.0
1233424,3,帳務相關,拆機挽回,0.0
1266666,1,經銷商問題,遠傳電信-電訪約裝,0.0
149127,1,網路連線問題,連線其他相關問題,4.0
1266698,2,經銷商問題,台哥大-電訪約裝,0.0
1266001,1,經銷商問題,遠傳電信-電訪約裝,0.0
1266280,1,經銷商問題,遠傳電信-電訪約裝,0.0
1265132,2,經銷商問題,網路品質,-0.5
8558,3,帳務問題,頻寬方案費率,-0.3333333333333333
1266746,1,帳務問題,頻寬方案費率,-1.0
740473,1,網路連線問題,無法上網,-1.0
781391,1,帳務問題,頻寬方案費率,0.0
1229465,1,帳務相關,拆機挽回,-1.0
1143690,1,網路連線問題,網路品質,-1.0
1265567,2,經銷商問題,台哥大-電訪約裝,0.0
1265100,2,經銷商問題,台哥大-電訪約裝,0.0
1237120,1,網路連線問題,無法上網,0.0
1204758,2,網路連線問題,無法上網,0.0
1265853,4,網路連線問題,無法上網,0.0
1265877,1,經銷商問題,台哥大-電訪約裝,0.0
149027,2,帳務問題,頻寬方案費率,0.5
1222545,1,帳務相關,拆機挽回,-1.0
1231780,2,帳務問題,拆機挽回,0.0
933580,1,網路連線問題,無法上網,0.0
1174931,1,經銷商問題,台哥大-電訪約裝,0.0
1265550,2,經銷商問題,台哥大-電訪約裝,0.0
1265564,2,經銷商問題,台哥大-電訪約裝,0.0
1263520,1,非連線問題,固定Ip問題,1.0
71936,1,非連線問題,固定Ip問題,0.0
1265754,3,經銷商問題,台哥大-電訪約裝,0.0
1138782,1,網路連線問題,無法上網,0.0
1185150,1,帳務相關,拆機挽回,-1.0
756191,1,網路連線問題,無法上網,-1.0
860622,1,網路連線問題,無法上網,0.0
95550,1,帳務相關,拆機挽回,0.0
1265902,1,經銷商問題,台哥大-電訪約裝,0.0
1205107,2,網路連線問題,無法上網,0.0
1223430,1,網路連線問題,無法上網,0.0
1162741,2,帳務問題,拆機挽回,0.0
1242309,1,網路連線問題,無法上網,-2.0
966707,1,網路連線問題,無法上網,-1.0
1169905,2,帳務問題,帳單/收據寄送問題,-0.5
731113,1,網路連線問題,無法上網,0.0
833126,3,網路連線問題,無法上網,0.6666666666666666
790015,1,帳務相關,拆機挽回,0.0
42816,1,經銷商問題,遠傳電信-電訪約裝,1.0
1022568,2,網路連線問題,無法上網,0.0
1074014,2,帳務相關,拆機挽回,0.0
703710,2,網路連線問題,Cable modem連線,0.5
1131215,3,帳務問題,mac 己被註冊,0.0
1265505,1,經銷商問題,台哥大-電訪約裝,0.0
1218428,1,網路連線問題,無法上網,-1.0
1230149,2,帳務相關,拆機挽回,0.5
1183661,2,帳務相關,拆機挽回,-0.5
1179154,1,網路連線問題,無法上網,0.0
58987,1,網路連線問題,無法上網,-1.0
126129,2,網路連線問題,Cable modem連線,0.0
123776,2,帳務問題,拆機挽回,0.0
1265278,1,網路連線問題,無法上網,0.0
1265821,1,經銷商問題,遠傳電信-電訪約裝,0.0
873789,1,網路連線問題,無法上網,0.0
1170399,2,經銷商問題,台哥大-電訪約裝,0.0
1265731,1,經銷商問題,遠傳電信-電訪約裝,0.0
54643,1,網路連線問題,網路品質,0.0
886340,1,經銷商問題,遠傳電信-電訪約裝,0.0
1265838,1,經銷商問題,遠傳電信-電訪約裝,0.0
1148695,1,網路連線問題,連線其他相關問題,0.0
1265844,1,經銷商問題,台哥大-電訪約裝,0.0
1264454,1,網路連線問題,連線其他相關問題,0.0
991025,1,網路連線問題,連線其他相關問題,0.0
1044563,3,網路連線問題,無法上網,0.3333333333333333
952819,1,新產品,建議,-1.0
853195,1,新產品,建議,-1.0
1265540,1,經銷商問題,台哥大-電訪約裝,0.0
1254142,1,經銷商問題,台哥大-電訪約裝,0.0
1266603,1,經銷商問題,台哥大-電訪約裝,0.0
1265004,2,經銷商問題,網路品質,-0.5
1266552,2,經銷商問題,台哥大-電訪約裝,0.0
916645,3,帳務相關,拆機挽回,0.0
1143372,1,網路連線問題,無法上網,0.0
1266815,3,經銷商問題,遠傳電信-電訪約裝,0.0
127080,1,網路連線問題,無法上網,0.0
138473,1,帳務問題,服務異動,0.0
129672,1,網路連線問題,無法上網,-1.0
77702,3,帳務問題,服務異動,0.0
1184382,2,帳務問題,拆機挽回,-0.5
22176,1,網路連線問題,網路品質,1.0
955585,1,帳務問題,用戶復線,0.0
76669,2,網路連線問題,Cable modem連線,0.0
1198212,1,網路連線問題,無法上網,0.0
1186055,3,帳務問題,拆機挽回,-0.3333333333333333
24223,2,網路連線問題,無法上網,0.0
120059,3,帳務問題,繳費相關問題,-0.3333333333333333
687525,1,網路連線問題,無法上網,0.0
903532,2,網路連線問題,無法上網,0.0
843924,2,網路連線問題,無法上網,0.0
736362,3,非連線問題,升級換CM,-0.3333333333333333
1217742,1,經銷商問題,遠傳電信-人員進電,-1.0
1137435,1,網路連線問題,無法上網,0.0
832118,1,網路連線問題,網路品質,0.0
1265683,2,網路連線問題,無法上網,0.0
1216259,1,網路連線問題,無法上網,0.0
1266532,1,經銷商問題,遠傳電信-電訪約裝,0.0
1258535,2,帳務問題,無法上網,0.0
1221536,2,網路連線問題,Cable modem連線,-0.5
106983,1,帳務相關,拆機挽回,0.0
57522,1,帳務問題,繳費相關問題,0.0
1105983,1,帳務相關,拆機挽回,0.0
1071488,1,網路連線問題,無法上網,0.0
1013112,1,網路連線問題,無法上網,-1.0
129529,1,帳務相關,拆機挽回,0.0
857672,1,網路連線問題,無法上網,1.0
1156307,1,網路連線問題,網路品質,0.0
824461,1,網路連線問題,無法上網,0.0
698980,2,帳務相關,拆機挽回,-0.5
959483,1,網路連線問題,網路品質,0.0
1267064,1,經銷商問題,台哥大-電訪約裝,0.0
1249190,1,帳務相關,拆機挽回,0.0
1267069,1,經銷商問題,遠傳電信-電訪約裝,0.0
1267051,1,經銷商問題,遠傳電信-電訪約裝,0.0
1267059,1,經銷商問題,遠傳電信-電訪約裝,0.0
1267071,3,經銷商問題,遠傳電信-電訪約裝,0.0
1104268,1,網路連線問題,無法上網,0.0
1266520,1,經銷商問題,遠傳電信-電訪約裝,0.0
822307,1,網路連線問題,無法上網,0.0
682507,1,經銷商問題,台哥大-電訪約裝,0.0
1240097,1,網路連線問題,Cable modem連線,-1.0
1181797,1,網路連線問題,無法上網,0.0
1266998,1,經銷商問題,台哥大-電訪約裝,0.0
1185170,3,經銷商問題,台哥大-電訪約裝,0.0
1198923,3,網路連線問題,Cable modem連線,0.3333333333333333
1266388,2,經銷商問題,網路品質,0.0
1170963,1,網路連線問題,無法上網,0.0
147770,5,網路連線問題,無法上網,0.0
759361,1,網路連線問題,無法上網,1.0
1203298,3,網路連線問題,網路品質,0.3333333333333333
1107960,3,網路連線問題,網路品質,-0.6666666666666666
884322,1,網路連線問題,無法上網,0.0
1266665,3,經銷商問題,台哥大-人員進電,0.0
1266884,1,經銷商問題,台哥大-電訪約裝,0.0
875774,2,帳務相關,拆機挽回,0.0
1266576,3,經銷商問題,台哥大-電訪約裝,0.6666666666666666
1023289,1,帳務相關,拆機挽回,0.0
1266925,1,經銷商問題,台哥大-電訪約裝,0.0
1262119,1,網路連線問題,無法上網,0.0
1100964,1,經銷商問題,台哥大-電訪約裝,0.0
1185922,2,經銷商問題,台哥大-電訪約裝,0.0
1080814,2,非連線問題,固定Ip問題,0.0
928335,1,網路連線問題,網路品質,1.0
1267045,1,經銷商問題,台哥大-電訪約裝,0.0
1267052,1,經銷商問題,台哥大-電訪約裝,0.0
1179613,1,網路連線問題,網路品質,0.0
32658,1,網路連線問題,網路品質,0.0
980581,1,網路連線問題,無法上網,0.0
1093271,1,網路連線問題,無法上網,0.0
1265635,1,經銷商問題,台哥大-電訪約裝,0.0
1265976,1,經銷商問題,台哥大-電訪約裝,0.0
1047466,1,網路連線問題,無法上網,0.0
1266096,2,經銷商問題,台哥大-電訪約裝,0.0
886655,1,網路連線問題,網路品質,0.0
1265557,1,經銷商問題,台哥大-電訪約裝,0.0
1110817,1,註冊問題,mac 己被註冊,0.0
1265506,2,經銷商問題,台哥大-電訪約裝,0.0
1260757,1,註冊問題,mac 己被註冊,1.0
686585,1,帳務問題,用戶復線,0.0
1227754,1,網路連線問題,無法上網,0.0
1072505,1,帳務相關,拆機挽回,0.0
1051529,2,經銷商問題,台哥大-電訪約裝,0.5
1202492,1,網路連線問題,連線其他相關問題,-1.0
1265888,1,經銷商問題,台哥大-電訪約裝,0.0
1265900,1,經銷商問題,遠傳電信-電訪約裝,0.0
750398,2,經銷商問題,台哥大-電訪約裝,0.5
1181170,1,網路連線問題,Cable modem連線,-1.0
1123157,1,網路連線問題,網路品質,-1.0
1266177,1,經銷商問題,台哥大-電訪約裝,0.0
1466,1,網路連線問題,Cable modem連線,0.0
1173518,1,網路連線問題,無法上網,-1.0
1147188,1,帳務相關,拆機挽回,0.0
1263762,1,經銷商問題,台哥大-人員進電,0.0
1259671,1,網路連線問題,連線其他相關問題,0.0
1266348,1,經銷商問題,台哥大-電訪約裝,0.0
1263909,1,網路連線問題,無法上網,-1.0
1215905,2,帳務問題,無法上網,-0.5
1161810,1,網路連線問題,無法上網,1.0
1155698,1,經銷商問題,台哥大-電訪約裝,1.0
1158428,3,經銷商問題,台哥大-電訪約裝,0.0
1229777,1,帳務相關,拆機挽回,0.0
1266099,2,經銷商問題,遠傳電信-人員進電,0.0
1086052,1,網路連線問題,網路品質,1.0
1266272,1,經銷商問題,遠傳電信-電訪約裝,0.0
1265871,1,經銷商問題,遠傳電信-電訪約裝,0.0
725068,1,網路連線問題,Cable modem連線,0.0
1266736,1,經銷商問題,台哥大-電訪約裝,0.0
820395,1,網路連線問題,網路品質,0.0
1246251,1,網路連線問題,無法上網,0.0
1188523,2,帳務問題,服務異動,0.0
854596,1,網路連線問題,無法上網,0.0
1187366,1,經銷商問題,台哥大-電訪約裝,0.0
1188686,1,帳務相關,拆機挽回,0.0
1231424,2,經銷商問題,Cable modem連線,0.0
1266002,1,經銷商問題,遠傳電信-電訪約裝,0.0
1009664,1,網路連線問題,無法上網,-1.0
1170176,1,網路連線問題,網路品質,0.0
55990,2,網路連線問題,網路品質,0.0
1265562,1,經銷商問題,遠傳電信-電訪約裝,0.0
1239948,2,經銷商問題,遠傳電信-電訪約裝,0.0
1266572,2,經銷商問題,遠傳電信-人員進電,0.0
1223604,1,網路連線問題,網路品質,-1.0
1181503,2,經銷商問題,台哥大-電訪約裝,0.5
1081759,1,網路連線問題,Cable modem連線,-1.0
116864,1,帳務問題,用戶要求優惠,0.0
823364,4,網路連線問題,Cable modem連線,-0.25
1252766,1,網路連線問題,無法上網,0.0
1265914,1,經銷商問題,遠傳電信-電訪約裝,0.0
1230115,2,網路連線問題,mac 己被註冊,-0.5
84332,1,網路連線問題,無法上網,0.0
887765,1,網路連線問題,無法上網,0.0
1157865,1,經銷商問題,台哥大-人員進電,0.0
1219902,1,網路連線問題,無法上網,0.0
1072733,1,帳務相關,拆機挽回,0.0
1015267,2,帳務相關,拆機挽回,0.0
1215337,1,註冊問題,mac 己被註冊,0.0
1239144,1,網路連線問題,無法上網,0.0
1266589,1,經銷商問題,台哥大-電訪約裝,0.0
944414,3,網路連線問題,無法上網,0.0
1171331,1,網路連線問題,Cable modem連線,-1.0
1266602,3,經銷商問題,遠傳電信-人員進電,-0.6666666666666666
1266587,3,經銷商問題,台哥大-電訪約裝,0.3333333333333333
1266792,1,經銷商問題,台哥大-電訪約裝,0.0
1230226,2,經銷商問題,網路品質,-0.5
1151573,2,帳務問題,拆機挽回,0.5
1265568,3,網路連線問題,無法上網,0.0
1265973,1,經銷商問題,遠傳電信-電訪約裝,0.0
1154730,1,網路連線問題,無法上網,-1.0
1138603,1,帳務問題,帳單/收據寄送問題,0.0
1204288,2,網路連線問題,無法上網,0.0
1094745,1,網路連線問題,無法上網,0.0
890239,1,網路連線問題,無法上網,0.0
1181678,1,非連線問題,固定Ip問題,1.0
1072193,1,網路連線問題,無法上網,0.0
1265880,1,經銷商問題,遠傳電信-電訪約裝,0.0
1047568,1,網路連線問題,Cable modem連線,0.0
683124,1,網路連線問題,無法上網,0.0
723340,1,帳務相關,拆機挽回,0.0
72645,1,帳務相關,拆機挽回,0.0
1242252,1,網路連線問題,連線其他相關問題,-1.0
1265974,1,經銷商問題,台哥大-電訪約裝,0.0
1263805,1,網路連線問題,無法上網,0.0
995322,1,網路連線問題,網路品質,0.0
1263833,1,非連線問題,升級換CM,0.0
889350,1,網路連線問題,Cable modem連線,0.0
937844,1,經銷商問題,遠傳電信-電訪約裝,0.0
1266814,1,經銷商問題,台哥大-電訪約裝,0.0
5446,1,網路連線問題,連線其他相關問題,-1.0
708857,1,帳務相關,拆機挽回,0.0
1186390,1,帳務相關,拆機挽回,0.0
1122500,2,帳務相關,拆機挽回,0.0
695268,2,帳務相關,拆機挽回,0.0
1265993,2,經銷商問題,台哥大-電訪約裝,0.0
1247802,1,帳務相關,拆機挽回,-1.0
1065263,2,網路連線問題,Cable modem連線,-0.5
111999,1,帳務問題,頻寬方案費率,0.0
957065,4,網路連線問題,網路品質,-0.25
1145502,1,網路連線問題,無法上網,-1.0
1245935,1,帳務問題,繳費相關問題,0.0
1039546,1,網路連線問題,無法上網,-1.0
971909,1,網路連線問題,無法上網,0.0
1266525,1,經銷商問題,遠傳電信-電訪約裝,0.0
1135749,2,帳務問題,帳單金額/帳單週期問題,0.5
879602,1,網路連線問題,Cable modem連線,0.0
1227882,1,帳務問題,用戶要求優惠,0.0
1266098,1,經銷商問題,台哥大-電訪約裝,0.0
1188122,1,帳務相關,拆機挽回,0.0
148029,2,帳務相關,拆機挽回,-0.5
1266721,2,經銷商問題,台哥大-電訪約裝,-0.5
1068361,1,網路連線問題,無法上網,0.0
1185638,1,經銷商問題,台哥大-電訪約裝,0.0
1180877,2,經銷商問題,台哥大-電訪約裝,0.0
1266479,1,經銷商問題,遠傳電信-電訪約裝,0.0
1265985,1,經銷商問題,遠傳電信-電訪約裝,0.0
131990,3,網路連線問題,網路品質,0.3333333333333333
992370,1,網路連線問題,無法上網,0.0
1226983,3,經銷商問題,遠傳電信-電訪約裝,0.3333333333333333
1209258,1,帳務相關,拆機挽回,0.0
44757,2,網路連線問題,無法上網,-0.5
1072499,1,帳務相關,拆機挽回,0.0
843199,1,網路連線問題,網路品質,-2.0
1154898,1,網路連線問題,Cable modem連線,0.0
829642,5,帳務問題,頻寬方案費率,-0.2
1177638,2,經銷商問題,台哥大-電訪約裝,-0.5
146089,1,網路連線問題,Cable modem連線,-1.0
1186961,1,網路連線問題,連線其他相關問題,-1.0
1174466,1,網路連線問題,連線其他相關問題,0.0
1266163,1,經銷商問題,台哥大-電訪約裝,0.0
968723,2,非連線問題,用戶移機,0.0
1265843,4,經銷商問題,台哥大-電訪約裝,0.0
678951,1,網路連線問題,無法上網,-1.0
681681,1,網路連線問題,無法上網,0.0
1264759,1,經銷商問題,遠傳電信-電訪約裝,0.0
1215322,1,網路連線問題,無法上網,0.0
1266463,1,經銷商問題,台哥大-電訪約裝,0.0
1151447,2,網路連線問題,網路品質,0.0
1266360,2,經銷商問題,台哥大-人員進電,0.0
934149,2,網路連線問題,無法上網,-0.5
1252122,1,網路連線問題,無法上網,0.0
1228433,1,註冊問題,註冊引導,0.0
1266038,1,新產品,高頻寬,0.0
1143543,1,網路連線問題,無法上網,-1.0
1266375,1,經銷商問題,台哥大-電訪約裝,0.0
92106,2,網路連線問題,無法上網,0.5
1165626,2,網路連線問題,無法上網,0.0
1266543,1,經銷商問題,台哥大-電訪約裝,0.0
1194993,1,網路連線問題,無法上網,0.0
1089855,1,網路連線問題,無法上網,-1.0
1232565,1,帳務相關,拆機挽回,0.0
1265962,1,註冊問題,註冊引導,0.0
905554,1,網路連線問題,網路品質,0.0
1265905,1,經銷商問題,遠傳電信-電訪約裝,0.0
1266057,1,經銷商問題,台哥大-電訪約裝,0.0
140412,2,網路連線問題,無法上網,-0.5
963633,3,網路連線問題,Cable modem連線,0.0
1037432,3,網路連線問題,台哥大-人員進電,0.0
1143530,1,網路連線問題,無法上網,0.0
43262,1,網路連線問題,無法上網,0.0
921641,1,網路連線問題,無法上網,0.0
10142,1,網路連線問題,無法上網,0.0
857670,1,網路連線問題,無法上網,0.0
1062815,1,網路連線問題,網路品質,0.0
1259825,4,經銷商問題,台哥大-人員進電,-0.5
813541,2,網路連線問題,無法上網,-0.5
841927,1,帳務相關,拆機挽回,0.0
682654,1,網路連線問題,無法上網,0.0
1157522,1,網路連線問題,無法上網,0.0
1190311,1,網路連線問題,網路品質,0.0
1246076,1,網路連線問題,無法上網,0.0
1265952,1,網路連線問題,網路品質,0.0
853754,1,網路連線問題,無法上網,0.0
1180716,2,經銷商問題,Cable modem連線,0.5
1266359,1,經銷商問題,台哥大-電訪約裝,0.0
857679,1,網路連線問題,無法上網,0.0
693777,2,非連線問題,升級換CM,0.0
1266696,1,經銷商問題,台哥大-電訪約裝,0.0
1090584,1,帳務相關,拆機挽回,0.0
1094813,1,帳務相關,拆機挽回,-1.0
46953,1,網路連線問題,無法上網,0.0
42561,1,網路連線問題,連線其他相關問題,0.0
1266024,1,經銷商問題,遠傳電信-電訪約裝,0.0
103382,1,網路連線問題,無法上網,0.0
76401,1,網路連線問題,無法上網,0.0
1266658,2,帳務問題,頻寬方案費率,0.5
972901,3,網路連線問題,網路品質,-0.6666666666666666
43974,1,網路連線問題,無法上網,-1.0
790662,1,非連線問題,固定Ip問題,0.0
960800,1,網路連線問題,無法上網,0.0
1264864,2,非連線問題,固定Ip問題,0.0
127133,1,帳務問題,自動轉帳扣款,-1.0
684620,1,帳務問題,繳費相關問題,0.0
1072052,1,帳務問題,用戶要求優惠,0.0
1234078,1,網路連線問題,無法上網,-1.0
714368,1,網路連線問題,無法上網,1.0
1265934,1,經銷商問題,台哥大-電訪約裝,0.0
1266274,1,經銷商問題,台哥大-電訪約裝,0.0
865769,1,網路連線問題,無法上網,-2.0
17914,1,帳務問題,繳費相關問題,0.0
1254698,1,網路連線問題,網路品質,-1.0
1155335,1,網路連線問題,無法上網,0.0
1254134,2,經銷商問題,台哥大-人員進電,0.5
1265899,1,經銷商問題,遠傳電信-電訪約裝,0.0
1259025,1,網路連線問題,無法上網,0.0
1264743,1,網路連線問題,無法上網,1.0
1265935,1,經銷商問題,遠傳電信-電訪約裝,0.0
120877,1,網路連線問題,無法上網,0.0
1184776,1,經銷商問題,台哥大-電訪約裝,0.0
1265948,1,經銷商問題,台哥大-電訪約裝,0.0
1224096,1,帳務相關,拆機挽回,-1.0
750167,1,帳務問題,繳費相關問題,0.0
146964,1,帳務相關,拆機挽回,-1.0
1251228,1,網路連線問題,無法上網,-1.0
971962,1,網路連線問題,無法上網,0.0
1048519,1,帳務問題,用戶復線,0.0
1241476,1,網路連線問題,無法上網,-1.0
1265884,2,經銷商問題,台哥大-電訪約裝,0.0
65064,2,網路連線問題,無法上網,0.5
1184996,1,帳務相關,拆機挽回,0.0
908566,2,網路連線問題,無法上網,-0.5
1253976,1,網路連線問題,無法上網,-1.0
691536,1,網路連線問題,無法上網,0.0
1167870,1,網路連線問題,無法上網,0.0
1265571,1,經銷商問題,台哥大-電訪約裝,0.0
1048550,1,網路連線問題,網路品質,0.0
1113091,1,帳務問題,用戶要求優惠,0.0
1265879,1,經銷商問題,台哥大-電訪約裝,0.0
1253847,1,經銷商問題,台哥大-電訪約裝,0.0
1266183,1,經銷商問題,遠傳電信-電訪約裝,0.0
103427,1,網路連線問題,無法上網,-1.0
1255618,1,網路連線問題,無法上網,-1.0
1236384,1,網路連線問題,無法上網,0.0
1265924,1,經銷商問題,台哥大-電訪約裝,0.0
67716,1,帳務相關,拆機挽回,0.0
1237189,1,網路連線問題,無法上網,-1.0
1265144,1,經銷商問題,遠傳電信-電訪約裝,0.0
78156,3,網路連線問題,Cable modem連線,0.3333333333333333
820387,1,網路連線問題,無法上網,0.0
1266453,2,經銷商問題,無法上網,0.0
100602,1,網路連線問題,無法上網,-1.0
1259065,1,經銷商問題,遠傳電信-電訪約裝,0.0
1030560,1,網路連線問題,無法上網,-1.0
885068,2,網路連線問題,無法上網,0.0
830178,1,網路連線問題,連線其他相關問題,0.0
1230622,1,帳務相關,拆機挽回,0.0
1134451,1,網路連線問題,連線其他相關問題,1.0
726623,1,帳務相關,拆機挽回,-1.0
952454,1,帳務問題,服務異動,0.0
1072121,1,網路連線問題,Cable modem連線,-1.0
1266580,1,經銷商問題,台哥大-電訪約裝,0.0
1047436,4,網路連線問題,無法上網,0.0
1174077,1,網路連線問題,無法上網,0.0
1265991,1,經銷商問題,遠傳電信-電訪約裝,0.0
741192,1,網路連線問題,網路品質,-1.0
41614,1,網路連線問題,無法上網,0.0
839110,1,網路連線問題,無法上網,0.0
707978,1,網路連線問題,無法上網,0.0
1266028,1,經銷商問題,遠傳電信-電訪約裝,0.0
954998,1,網路連線問題,無法上網,1.0
109228,1,網路連線問題,Cable modem連線,-1.0
1145201,1,網路連線問題,網路品質,-2.0
11431,1,經銷商問題,遠傳電信-電訪約裝,0.0
35793,1,網路連線問題,無法上網,-1.0
1215011,1,網路連線問題,無法上網,0.0
1266605,2,經銷商問題,台哥大-電訪約裝,0.0
1266191,1,經銷商問題,台哥大-電訪約裝,0.0
708888,1,註冊問題,註冊引導,0.0
1266667,1,經銷商問題,台哥大-電訪約裝,0.0
39412,1,網路連線問題,無法上網,0.0
731912,1,經銷商問題,台哥大-電訪約裝,0.0
1261005,1,經銷商問題,台哥大-人員進電,0.0
1909,1,帳務相關,拆機挽回,0.0
711326,1,帳務問題,用戶退租,0.0
1072438,1,帳務相關,拆機挽回,0.0
1262827,1,網路連線問題,網路品質,0.0
1227044,1,非連線問題,用戶移機,0.0
885449,1,帳務相關,拆機挽回,-1.0
751628,1,帳務相關,拆機挽回,0.0
1218669,1,經銷商問題,台哥大-電訪約裝,0.0
1266093,2,經銷商問題,無法上網,0.0
1157687,1,網路連線問題,網路品質,-1.0
16390,1,帳務問題,頻寬方案費率,0.0
1266422,1,經銷商問題,台哥大-電訪約裝,0.0
1203626,1,帳務相關,拆機挽回,-1.0
741684,4,帳務問題,繳費相關問題,-0.25
72524,1,網路連線問題,無法上網,-1.0
976061,1,網路連線問題,無法上網,0.0
919945,1,網路連線問題,網路品質,0.0
746283,4,網路連線問題,無法上網,-0.5
1266257,1,經銷商問題,遠傳電信-電訪約裝,0.0
955823,1,帳務問題,繳費相關問題,0.0
1186874,2,帳務問題,用戶要求優惠,0.0
839109,1,網路連線問題,無法上網,0.0
1246859,2,帳務問題,頻寬方案費率,0.5
1222407,1,網路連線問題,網路品質,0.0
1266600,1,經銷商問題,台哥大-電訪約裝,0.0
1266607,1,經銷商問題,台哥大-電訪約裝,0.0
982300,3,經銷商問題,台哥大-電訪約裝,0.3333333333333333
15807,1,帳務相關,拆機挽回,0.0
1156343,3,非連線問題,用戶移機,-0.6666666666666666
852196,1,帳務相關,拆機挽回,-1.0
1264623,1,經銷商問題,台哥大-人員進電,-1.0
952465,5,網路連線問題,無法上網,-0.4
84880,1,帳務問題,帳單金額/帳單週期問題,0.0
35848,1,網路連線問題,無法上網,0.0
1267384,1,經銷商問題,遠傳電信-電訪約裝,0.0
1133474,1,帳務相關,拆機挽回,-1.0
1136303,3,經銷商問題,台哥大-電訪約裝,0.0
1161132,1,網路連線問題,Cable modem連線,0.0
99790,1,帳務相關,拆機挽回,0.0
1118334,1,帳務問題,用戶要求優惠,0.0
745715,1,帳務問題,帳單/收據寄送問題,0.0
16315,1,網路連線問題,無法上網,0.0
947504,1,網路連線問題,網路品質,0.0
1228337,2,網路連線問題,無法上網,0.0
1159193,3,經銷商問題,遠傳電信-人員進電,0.0
1049866,2,網路連線問題,無法上網,0.5
1265194,1,經銷商問題,遠傳電信-人員進電,-1.0
723671,1,網路連線問題,無法上網,-1.0
1089234,1,網路連線問題,無法上網,0.0
1200378,2,網路連線問題,無法上網,0.5
1050385,1,網路連線問題,無法上網,-1.0
1154816,2,經銷商問題,台哥大-人員進電,1.0
1222831,1,非連線問題,固定Ip問題,2.0
67575,1,網路連線問題,無法上網,-1.0
1230628,1,帳務相關,拆機挽回,-1.0
1266923,1,經銷商問題,遠傳電信-電訪約裝,0.0
1266926,1,經銷商問題,台哥大-電訪約裝,0.0
142986,1,網路連線問題,無法上網,0.0
1172049,1,網路連線問題,無法上網,0.0
1230855,1,網路連線問題,無法上網,-1.0
129488,2,帳務問題,mac 己被註冊,0.5
1266943,2,經銷商問題,台哥大-電訪約裝,0.0
1047605,2,網路連線問題,網路品質,-0.5
146630,1,非連線問題,固定Ip問題,2.0
953486,2,網路連線問題,無法上網,0.0
1266995,2,經銷商問題,遠傳電信-電訪約裝,0.0
1137149,1,經銷商問題,台哥大-人員進電,0.0
1156671,2,經銷商問題,台哥大-電訪約裝,0.0
902320,4,網路連線問題,Cable modem連線,-0.25
1267616,1,經銷商問題,台哥大-電訪約裝,0.0
1237960,2,網路連線問題,無法上網,-0.5
854778,1,網路連線問題,無法上網,0.0
1047175,1,帳務相關,拆機挽回,0.0
6476,1,經銷商問題,台哥大-人員進電,0.0
731781,1,網路連線問題,無法上網,0.0
719055,2,網路連線問題,無法上網,0.0
839463,1,網路連線問題,網路品質,0.0
1234929,1,網路連線問題,無法上網,1.0
133274,1,帳務相關,拆機挽回,0.0
844125,1,網路連線問題,無法上網,0.0
1127402,1,網路連線問題,無法上網,-1.0
1266672,2,經銷商問題,台哥大-電訪約裝,0.0
1266987,1,經銷商問題,台哥大-電訪約裝,0.0
1167369,2,網路連線問題,無法上網,0.5
774050,2,網路連線問題,無法上網,0.0
1267016,1,經銷商問題,遠傳電信-電訪約裝,0.0
1025322,1,網路連線問題,網路品質,1.0
64124,1,網路連線問題,網路品質,0.0
1103413,1,帳務相關,拆機挽回,-1.0
723610,2,網路連線問題,Cable modem連線,-1.0
1190284,4,經銷商問題,台哥大-人員進電,0.5
1156604,2,經銷商問題,台哥大-電訪約裝,0.0
1154454,1,帳務相關,拆機挽回,0.0
841880,1,網路連線問題,無法上網,0.0
1086289,1,網路連線問題,網路品質,0.0
950246,1,網路連線問題,無法上網,-1.0
861687,2,經銷商問題,台哥大-電訪約裝,0.0
801713,1,網路連線問題,網路品質,0.0
1256519,2,經銷商問題,台哥大-電訪約裝,0.0
1170937,1,網路連線問題,無法上網,0.0
1266999,1,經銷商問題,台哥大-電訪約裝,0.0
1267021,2,經銷商問題,台哥大-電訪約裝,0.0
1267212,1,經銷商問題,遠傳電信-電訪約裝,0.0
1016006,1,網路連線問題,無法上網,0.0
1224788,1,經銷商問題,台哥大-電訪約裝,0.0
1139884,2,網路連線問題,無法上網,0.0
1164154,1,帳務相關,拆機挽回,0.0
692087,1,網路連線問題,連線其他相關問題,-1.0
1008521,1,經銷商問題,台哥大-電訪約裝,0.0
735770,4,帳務問題,台哥大-電訪約裝,0.0
935960,1,網路連線問題,無法上網,0.0
1267332,3,網路連線問題,網路品質,0.3333333333333333
702330,1,帳務問題,繳費相關問題,0.0
1212979,2,新產品,建議,0.0
900589,1,網路連線問題,無法上網,0.0
869498,1,帳務相關,拆機挽回,0.0
1159188,1,網路連線問題,無法上網,1.0
1267140,2,經銷商問題,台哥大-電訪約裝,0.0
1267080,4,經銷商問題,台哥大-電訪約裝,0.0
1267576,1,經銷商問題,台哥大-電訪約裝,0.0
1267566,2,經銷商問題,遠傳電信-人員進電,0.0
55843,2,帳務問題,繳費相關問題,0.0
1149726,3,經銷商問題,台哥大-電訪約裝,0.0
683654,1,網路連線問題,無法上網,-2.0
46424,1,網路連線問題,無法上網,-1.0
1078947,1,帳務相關,拆機挽回,0.0
1144639,1,網路連線問題,無法上網,-1.0
50772,2,網路連線問題,無法上網,0.5
712312,1,網路連線問題,網路品質,0.0
1121215,4,網路連線問題,無法上網,0.0
36470,1,帳務相關,拆機挽回,0.0
1268714,2,經銷商問題,遠傳電信-電訪約裝,0.0
704806,1,網路連線問題,無法上網,0.0
709194,1,網路連線問題,無法上網,0.0
1266930,1,經銷商問題,遠傳電信-電訪約裝,0.0
1266941,1,經銷商問題,遠傳電信-電訪約裝,0.0
67002,1,帳務相關,拆機挽回,0.0
1120862,4,帳務問題,服務異動,-0.25
1267046,3,經銷商問題,台哥大-電訪約裝,0.0
1050806,1,網路連線問題,無法上網,-1.0
813945,1,網路連線問題,無法上網,0.0
912447,1,帳務相關,拆機挽回,0.0
1267590,1,經銷商問題,遠傳電信-電訪約裝,0.0
1233562,2,帳務問題,頻寬方案費率,-0.5
1086285,1,網路連線問題,網路品質,1.0
996493,1,網路連線問題,無法上網,0.0
1160739,1,帳務相關,拆機挽回,0.0
884231,4,帳務問題,帳單金額/帳單週期問題,0.75
723599,1,帳務問題,帳單/收據寄送問題,0.0
854060,1,網路連線問題,Cable modem連線,-1.0
1196313,1,帳務問題,繳費相關問題,1.0
1267471,5,經銷商問題,台哥大-電訪約裝,0.0
1266251,1,網路連線問題,無法上網,0.0
825322,2,網路連線問題,無法上網,1.0
728762,1,網路連線問題,連線其他相關問題,-1.0
787466,5,網路連線問題,無法上網,0.0
1236084,1,網路連線問題,無法上網,0.0
991844,2,帳務問題,Cable modem連線,-1.0
60339,1,網路連線問題,無法上網,0.0
981809,1,網路連線問題,網路品質,0.0
710661,1,網路連線問題,網路品質,-1.0
32315,1,帳務問題,頻寬方案費率,0.0
1139267,2,經銷商問題,台哥大-電訪約裝,0.0
835260,1,網路連線問題,無法上網,0.0
1165519,1,網路連線問題,網路品質,-1.0
1268812,1,帳務問題,頻寬方案費率,1.0
1267393,4,經銷商問題,台哥大-人員進電,0.25
1186560,2,經銷商問題,台哥大-電訪約裝,0.5
1191099,2,經銷商問題,台哥大-電訪約裝,0.0
1268639,2,經銷商問題,台哥大-電訪約裝,-0.5
1267656,2,經銷商問題,遠傳電信-電訪約裝,0.0
1096231,2,網路連線問題,無法上網,0.0
1269289,4,經銷商問題,台哥大-電訪約裝,0.0
681122,1,帳務相關,拆機挽回,0.0
1232600,2,帳務問題,服務異動,0.5
1250858,1,網路連線問題,無法上網,-1.0
900077,2,網路連線問題,Cable modem連線,-1.0
847731,1,網路連線問題,無法上網,0.0
687709,2,帳務問題,用戶要求優惠,0.0
1064387,1,帳務問題,繳費相關問題,0.0
1186507,3,經銷商問題,台哥大-電訪約裝,0.0
1066189,1,網路連線問題,網路品質,0.0
122201,1,帳務問題,繳費相關問題,0.0
1144033,1,網路連線問題,無法上網,0.0
754725,1,網路連線問題,無法上網,1.0
775129,1,網路連線問題,網路品質,1.0
1111123,1,網路連線問題,無法上網,0.0
1232984,3,帳務問題,服務異動,0.0
1175536,2,經銷商問題,台哥大-電訪約裝,0.0
1267318,3,經銷商問題,網路品質,0.0
1267456,1,經銷商問題,遠傳電信-電訪約裝,0.0
1249346,1,網路連線問題,無法上網,-1.0
1259718,9,經銷商問題,台哥大-人員進電,0.1111111111111111
1267738,3,經銷商問題,遠傳電信-電訪約裝,0.3333333333333333
1180063,1,網路連線問題,無法上網,0.0
1267214,1,經銷商問題,遠傳電信-電訪約裝,0.0
1267759,2,經銷商問題,台哥大-電訪約裝,0.5
1220696,1,網路連線問題,無法上網,0.0
1267236,3,經銷商問題,台哥大-電訪約裝,0.0
1267058,1,經銷商問題,台哥大-電訪約裝,0.0
796469,1,網路連線問題,無法上網,2.0
56219,1,網路連線問題,無法上網,0.0
708585,2,網路連線問題,無法上網,0.0
1237030,2,帳務相關,拆機挽回,-0.5
1269035,4,經銷商問題,台哥大-電訪約裝,0.0
148444,1,網路連線問題,無法上網,-1.0
873845,1,網路連線問題,網路品質,-2.0
1153514,1,網路連線問題,網路品質,-1.0
1268472,1,經銷商問題,台哥大-電訪約裝,0.0
1266101,2,網路連線問題,無法上網,0.0
140367,1,網路連線問題,Cable modem連線,-1.0
110261,1,帳務問題,繳費相關問題,0.0
132692,2,網路連線問題,無法上網,1.0
822933,1,帳務相關,拆機挽回,0.0
136205,2,經銷商問題,台哥大-電訪約裝,0.0
829225,1,網路連線問題,無法上網,0.0
687209,1,帳務問題,頻寬方案費率,0.0
873459,7,帳務問題,退費問題,-0.42857142857142855
126940,1,網路連線問題,無法上網,0.0
1188849,1,帳務問題,繳費相關問題,0.0
32562,3,帳務相關,拆機挽回,0.0
797260,1,網路連線問題,網路品質,0.0
1268870,3,經銷商問題,台哥大-電訪約裝,0.0
1268879,2,經銷商問題,Cable modem連線,0.0
1272200,3,經銷商問題,台哥大-電訪約裝,0.0
788966,1,網路連線問題,無法上網,0.0
1216345,2,經銷商問題,台哥大-電訪約裝,-0.5
1154041,1,網路連線問題,無法上網,0.0
925294,1,網路連線問題,無法上網,0.0
1142538,1,網路連線問題,連線其他相關問題,0.0
10209,4,帳務相關,拆機挽回,-0.75
1201645,1,網路連線問題,無法上網,0.0
1071772,1,網路連線問題,無法上網,0.0
1117953,2,網路連線問題,無法上網,-0.5
1228428,2,經銷商問題,台哥大-電訪約裝,0.5
1125017,2,帳務問題,拆機挽回,0.0
1093499,1,帳務相關,拆機挽回,0.0
1229254,1,帳務相關,拆機挽回,0.0
810615,1,帳務相關,拆機挽回,0.0
1267657,2,經銷商問題,遠傳電信-電訪約裝,0.0
1012888,1,網路連線問題,無法上網,0.0
133712,1,網路連線問題,無法上網,-1.0
684078,1,網路連線問題,無法上網,0.0
1224396,2,經銷商問題,Cable modem連線,0.0
1262229,1,網路連線問題,無法上網,0.0
1140867,1,網路連線問題,網路品質,-1.0
44327,1,新產品,高頻寬,0.0
1162828,1,網路連線問題,連線其他相關問題,-1.0
1148409,1,網路連線問題,無法上網,-1.0
1268760,2,經銷商問題,遠傳電信-電訪約裝,0.0
139210,2,網路連線問題,無法上網,0.5
934608,4,帳務問題,用戶要求優惠,0.75
111885,1,帳務問題,頻寬方案費率,0.0
1267592,3,經銷商問題,台哥大-電訪約裝,0.0
1055999,3,網路連線問題,無法上網,0.0
1269111,2,經銷商問題,遠傳電信-人員進電,0.0
1270047,1,經銷商問題,台哥大-電訪約裝,0.0
100734,1,網路連線問題,無法上網,0.0
1268593,2,經銷商問題,台哥大-電訪約裝,0.0
1258392,1,網路連線問題,無法上網,-1.0
1151759,1,網路連線問題,連線其他相關問題,0.0
682013,1,網路連線問題,網路品質,0.0
95833,1,帳務相關,拆機挽回,1.0
1267403,1,經銷商問題,遠傳電信-電訪約裝,0.0
1267794,2,經銷商問題,遠傳電信-人員進電,0.0
13723,1,網路連線問題,無法上網,-1.0
105027,1,網路連線問題,Cable modem連線,-1.0
1268038,1,經銷商問題,台哥大-電訪約裝,0.0
1248612,1,帳務相關,拆機挽回,0.0
1133661,1,網路連線問題,無法上網,0.0
1170993,1,網路連線問題,網路品質,0.0
1228422,2,網路連線問題,無法上網,0.0
1264770,2,網路連線問題,無法上網,-1.0
990802,3,網路連線問題,無法上網,-0.3333333333333333
1237811,2,經銷商問題,無法上網,0.0
1234226,2,帳務問題,用戶要求優惠,-0.5
1189812,2,帳務問題,網路品質,0.0
1153744,1,網路連線問題,無法上網,0.0
947545,2,網路連線問題,無法上網,0.0
692243,3,網路連線問題,無法上網,-0.3333333333333333
1250801,1,經銷商問題,台哥大-電訪約裝,1.0
906922,3,網路連線問題,mac 己被註冊,0.0
1268867,3,經銷商問題,台哥大-電訪約裝,0.0
685728,1,網路連線問題,無法上網,0.0
1180580,2,網路連線問題,無法上網,-0.5
1052146,1,網路連線問題,無法上網,0.0
45797,2,帳務相關,拆機挽回,0.0
1268243,1,經銷商問題,台哥大-電訪約裝,0.0
1037120,1,網路連線問題,無法上網,0.0
1267273,5,經銷商問題,遠傳電信-人員進電,0.0
1045196,1,帳務相關,拆機挽回,0.0
1168670,2,網路連線問題,網路品質,0.5
16480,1,網路連線問題,網路品質,1.0
1058559,1,網路連線問題,無法上網,0.0
945824,1,帳務相關,拆機挽回,0.0
1272277,1,經銷商問題,台哥大-電訪約裝,0.0
1054113,1,網路連線問題,網路品質,0.0
1269128,1,經銷商問題,台哥大-電訪約裝,0.0
859923,1,網路連線問題,Cable modem連線,-1.0
1200140,1,經銷商問題,台哥大-電訪約裝,1.0
1229944,1,網路連線問題,無法上網,0.0
1165540,3,網路連線問題,Cable modem連線,0.3333333333333333
1231700,1,網路連線問題,無法上網,-1.0
1236718,1,經銷商問題,台哥大-電訪約裝,0.0
1268931,1,經銷商問題,台哥大-電訪約裝,0.0
835428,1,網路連線問題,無法上網,-1.0
1058843,2,帳務相關,拆機挽回,-0.5
14028,1,網路連線問題,無法上網,0.0
1155216,2,帳務相關,拆機挽回,0.0
824060,1,帳務相關,拆機挽回,0.0
1108409,1,網路連線問題,連線其他相關問題,2.0
143878,2,經銷商問題,mac 己被註冊,0.0
1267682,1,非連線問題,固定Ip問題,0.0
949297,1,網路連線問題,無法上網,-1.0
1197574,2,經銷商問題,台哥大-電訪約裝,-0.5
1268099,4,經銷商問題,遠傳電信-電訪約裝,0.25
1268962,1,經銷商問題,台哥大-電訪約裝,0.0
56061,3,網路連線問題,台哥大-電訪約裝,0.0
854587,1,網路連線問題,無法上網,1.0
1047642,1,網路連線問題,無法上網,0.0
1261429,1,網路連線問題,無法上網,0.0
110854,1,帳務相關,拆機挽回,0.0
851255,1,網路連線問題,網路品質,0.0
1111572,2,網路連線問題,無法上網,0.0
1237116,1,網路連線問題,無法上網,0.0
871245,1,網路連線問題,無法上網,0.0
732762,1,帳務問題,用戶退租,0.0
1233548,2,帳務問題,繳費相關問題,0.0
1267263,1,經銷商問題,遠傳電信-電訪約裝,0.0
1266813,1,經銷商問題,遠傳電信-電訪約裝,0.0
1266456,1,網路連線問題,無法上網,0.0
766480,3,網路連線問題,無法上網,0.0
1234607,2,帳務問題,用戶要求優惠,0.0
755365,3,經銷商問題,台哥大-人員進電,0.0
63211,1,帳務問題,繳費相關問題,-1.0
1133037,5,帳務問題,頻寬方案費率,0.0
924629,2,帳務相關,拆機挽回,-0.5
63601,2,經銷商問題,mac 己被註冊,0.5
1267742,1,經銷商問題,遠傳電信-電訪約裝,0.0
72086,1,網路連線問題,無法上網,-1.0
906255,1,網路連線問題,無法上網,0.0
1268762,1,經銷商問題,遠傳電信-電訪約裝,0.0
832500,4,網路連線問題,無法上網,0.25
1268775,1,經銷商問題,遠傳電信-電訪約裝,0.0
69268,1,帳務相關,拆機挽回,0.0
1192396,1,網路連線問題,無法上網,0.0
1189040,1,網路連線問題,網路品質,0.0
693477,1,網路連線問題,網路品質,0.0
1270236,2,經銷商問題,遠傳電信-電訪約裝,0.0
1235874,1,經銷商問題,台哥大-人員進電,-1.0
1269540,1,經銷商問題,遠傳電信-電訪約裝,0.0
1269533,2,經銷商問題,台哥大-電訪約裝,0.0
1256194,1,網路連線問題,無法上網,-1.0
106637,1,網路連線問題,網路品質,0.0
61910,1,經銷商問題,台哥大-電訪約裝,0.0
131208,1,網路連線問題,網路品質,0.0
1208359,2,帳務相關,拆機挽回,0.0
693288,2,網路連線問題,無法上網,-0.5
861347,1,網路連線問題,無法上網,0.0
1268711,1,經銷商問題,遠傳電信-電訪約裝,0.0
1176943,2,經銷商問題,台哥大-電訪約裝,0.0
1270091,2,經銷商問題,台哥大-電訪約裝,0.0
1219837,2,網路連線問題,無法上網,-0.5
963334,3,網路連線問題,無法上網,-0.6666666666666666
750984,1,網路連線問題,網路品質,0.0
1152143,1,網路連線問題,無法上網,0.0
1192041,2,網路連線問題,無法上網,-1.0
1084024,1,網路連線問題,無法上網,-1.0
949295,2,網路連線問題,無法上網,-0.5
824346,1,網路連線問題,網路品質,0.0
1267624,5,經銷商問題,台哥大-電訪約裝,0.2
691230,2,帳務相關,拆機挽回,-1.0
835448,2,網路連線問題,無法上網,0.0
911009,1,網路連線問題,無法上網,-1.0
966467,2,網路連線問題,無法上網,0.0
1236230,1,網路連線問題,無法上網,0.0
683075,2,帳務相關,拆機挽回,0.0
1177878,1,網路連線問題,無法上網,0.0
851067,1,網路連線問題,無法上網,0.0
1015056,1,網路連線問題,無法上網,0.0
1270044,1,經銷商問題,遠傳電信-電訪約裝,0.0
1239071,1,網路連線問題,無法上網,0.0
840367,6,網路連線問題,拆機挽回,0.16666666666666666
1026340,2,網路連線問題,連線其他相關問題,0.0
696473,3,帳務相關,拆機挽回,-0.6666666666666666
1259447,3,網路連線問題,無法上網,-0.3333333333333333
1173307,2,經銷商問題,台哥大-人員進電,0.0
1269528,1,經銷商問題,台哥大-電訪約裝,1.0
1151727,1,網路連線問題,無法上網,0.0
871227,1,網路連線問題,無法上網,0.0
978787,1,帳務相關,拆機挽回,1.0
877248,1,網路連線問題,無法上網,0.0
1261172,1,網路連線問題,無法上網,0.0
1112161,1,網路連線問題,無法上網,-1.0
1271275,1,經銷商問題,台哥大-電訪約裝,0.0
1271207,3,經銷商問題,台哥大-電訪約裝,0.0
1082992,1,網路連線問題,無法上網,0.0
742840,1,帳務問題,服務異動,0.0
1076513,1,網路連線問題,無法上網,0.0
861318,2,網路連線問題,無法上網,0.5
1144928,1,網路連線問題,無法上網,0.0
1238762,2,網路連線問題,Cable modem連線,0.0
697126,2,網路連線問題,Cable modem連線,-0.5
1267837,2,經銷商問題,台哥大-電訪約裝,0.0
1269138,1,網路連線問題,無法上網,0.0
1060116,1,網路連線問題,無法上網,0.0
906185,2,網路連線問題,無法上網,0.5
1013896,2,網路連線問題,無法上網,0.5
1144922,2,網路連線問題,無法上網,-1.0
1179008,1,網路連線問題,網路品質,1.0
121033,1,網路連線問題,連線其他相關問題,0.0
1266076,2,網路連線問題,固定Ip問題,-0.5
1235367,3,帳務相關,拆機挽回,-1.0
1237491,1,帳務相關,拆機挽回,0.0
1270935,1,經銷商問題,台哥大-電訪約裝,0.0
754275,3,經銷商問題,台哥大-電訪約裝,0.0
1160742,4,帳務相關,拆機挽回,-0.5
1268918,1,經銷商問題,遠傳電信-電訪約裝,0.0
68321,2,帳務問題,服務異動,0.0
108169,5,經銷商問題,台哥大-電訪約裝,0.0
690295,1,網路連線問題,網路品質,0.0
1159865,1,網路連線問題,網路品質,0.0
117510,1,網路連線問題,無法上網,-1.0
1114344,1,網路連線問題,無法上網,0.0
1158162,1,網路連線問題,無法上網,0.0
1268718,1,經銷商問題,台哥大-電訪約裝,0.0
1267382,2,網路連線問題,無法上網,-1.0
1269706,3,經銷商問題,台哥大-電訪約裝,-0.3333333333333333
692057,2,帳務相關,拆機挽回,0.0
952778,2,帳務相關,拆機挽回,0.0
1267936,1,經銷商問題,台哥大-電訪約裝,0.0
865786,1,網路連線問題,無法上網,0.0
35001,1,帳務相關,拆機挽回,0.0
1158701,1,網路連線問題,Cable modem連線,0.0
1268300,2,經銷商問題,台哥大-電訪約裝,0.0
18594,1,帳務相關,拆機挽回,-1.0
707589,3,網路連線問題,無法上網,-0.3333333333333333
102478,3,網路連線問題,網路品質,-0.3333333333333333
689429,1,網路連線問題,無法上網,0.0
1270732,1,經銷商問題,遠傳電信-電訪約裝,0.0
68659,1,網路連線問題,無法上網,0.0
931384,1,帳務相關,拆機挽回,0.0
1132329,3,網路連線問題,無法上網,0.3333333333333333
146440,1,網路連線問題,無法上網,-1.0
1270355,2,經銷商問題,遠傳電信-電訪約裝,0.0
1270712,5,經銷商問題,台哥大-人員進電,-0.2
71932,3,經銷商問題,台哥大-電訪約裝,-0.3333333333333333
1256567,1,經銷商問題,台哥大-電訪約裝,1.0
1252110,2,經銷商問題,無法上網,0.0
1270046,1,經銷商問題,遠傳電信-電訪約裝,0.0
1146787,1,網路連線問題,網路品質,0.0
1231028,1,網路連線問題,無法上網,0.0
974609,2,帳務問題,拆機挽回,-0.5
772412,1,網路連線問題,網路品質,0.0
768789,3,網路連線問題,無法上網,-0.3333333333333333
1190657,1,網路連線問題,無法上網,0.0
1139360,2,經銷商問題,台哥大-電訪約裝,0.0
1267070,1,經銷商問題,台哥大-電訪約裝,0.0
828375,5,網路連線問題,網路品質,-0.2
726532,1,網路連線問題,無法上網,-1.0
121529,1,帳務相關,拆機挽回,0.0
1222677,1,網路連線問題,網路品質,0.0
1267975,2,經銷商問題,台哥大-電訪約裝,0.0
1259316,6,經銷商問題,遠傳電信-電訪約裝,-0.16666666666666666
1139192,1,網路連線問題,無法上網,1.0
980722,1,網路連線問題,無法上網,0.0
688841,1,網路連線問題,無法上網,0.0
1139909,4,網路連線問題,服務異動,-0.25
712843,2,帳務相關,拆機挽回,-0.5
1270190,10,經銷商問題,台哥大-電訪約裝,0.0
928896,1,網路連線問題,無法上網,-2.0
1202090,3,經銷商問題,台哥大-電訪約裝,-0.6666666666666666
1059393,1,網路連線問題,無法上網,0.0
1254878,3,經銷商問題,遠傳電信-人員進電,0.0
1086661,2,網路連線問題,無法上網,0.0
1109807,1,網路連線問題,無法上網,1.0
1272432,1,經銷商問題,遠傳電信-電訪約裝,0.0
8664,1,網路連線問題,無法上網,0.0
1109837,3,網路連線問題,網路品質,0.6666666666666666
1086660,4,網路連線問題,無法上網,0.0
1266765,1,網路連線問題,無法上網,0.0
1122269,2,網路連線問題,無法上網,0.0
1208357,1,帳務相關,拆機挽回,0.0
1244527,2,經銷商問題,台哥大-電訪約裝,-0.5
898040,4,網路連線問題,Cable modem連線,-0.75
905121,1,網路連線問題,網路品質,-2.0
111866,1,網路連線問題,無法上網,-1.0
98350,2,帳務問題,繳費相關問題,0.0
1270919,1,經銷商問題,台哥大-電訪約裝,0.0
1271031,3,經銷商問題,台哥大-電訪約裝,0.3333333333333333
142867,1,網路連線問題,網路品質,0.0
1189730,1,帳務相關,拆機挽回,-1.0
770511,1,帳務問題,繳費相關問題,0.0
1269609,3,經銷商問題,台哥大-人員進電,0.3333333333333333
734468,1,網路連線問題,無法上網,0.0
112318,1,帳務相關,拆機挽回,0.0
902036,1,網路連線問題,無法上網,-1.0
822786,1,網路連線問題,無法上網,0.0
90117,1,網路連線問題,無法上網,0.0
1271851,2,經銷商問題,台哥大-電訪約裝,0.0
1271895,2,經銷商問題,遠傳電信-電訪約裝,0.0
743559,1,註冊問題,mac 己被註冊,0.0
905551,2,網路連線問題,無法上網,0.0
1269549,3,經銷商問題,台哥大-電訪約裝,0.0
1046425,2,帳務相關,拆機挽回,0.0
1217299,2,網路連線問題,無法上網,0.0
1218714,1,網路連線問題,網路品質,0.0
1162719,4,經銷商問題,台哥大-電訪約裝,0.0
1237845,3,帳務問題,用戶要求優惠,0.6666666666666666
24744,1,網路連線問題,無法上網,-1.0
793093,2,帳務問題,繳費相關問題,-1.0
953813,2,網路連線問題,無法上網,0.0
679298,1,網路連線問題,網路品質,0.0
124672,4,網路連線問題,Cable modem連線,-0.25
1270701,4,經銷商問題,遠傳電信-電訪約裝,0.0
1174162,1,網路連線問題,無法上網,0.0
1152484,2,網路連線問題,無法上網,0.0
881977,3,網路連線問題,無法上網,-1.0
1155142,2,帳務問題,拆機挽回,-1.0
1269941,1,經銷商問題,遠傳電信-電訪約裝,0.0
1269708,2,經銷商問題,台哥大-電訪約裝,0.0
1269736,1,經銷商問題,台哥大-電訪約裝,0.0
875254,1,網路連線問題,無法上網,0.0
1269265,3,經銷商問題,台哥大-電訪約裝,0.3333333333333333
1269947,1,網路連線問題,無法上網,0.0
1102165,1,帳務問題,繳費相關問題,0.0
1270086,7,經銷商問題,台哥大-電訪約裝,-0.14285714285714285
37024,1,網路連線問題,網路品質,0.0
1168931,1,網路連線問題,無法上網,0.0
696085,1,網路連線問題,無法上網,-1.0
1234073,1,網路連線問題,無法上網,0.0
1270672,3,經銷商問題,遠傳電信-電訪約裝,0.0
1164625,1,網路連線問題,Cable modem連線,0.0
1270867,4,經銷商問題,台哥大-電訪約裝,0.0
1203413,1,網路連線問題,無法上網,0.0
1066323,1,帳務相關,拆機挽回,0.0
1271276,1,經銷商問題,遠傳電信-電訪約裝,0.0
135465,1,網路連線問題,無法上網,0.0
1271555,3,經銷商問題,台哥大-電訪約裝,0.0
1271037,6,經銷商問題,台哥大-電訪約裝,0.0
1258920,1,帳務相關,拆機挽回,0.0
1085138,1,帳務相關,拆機挽回,0.0
682822,1,帳務相關,拆機挽回,0.0
826749,2,網路連線問題,無法上網,0.5
1005824,1,網路連線問題,無法上網,-2.0
1266691,1,網路連線問題,網路品質,1.0
1269196,1,經銷商問題,遠傳電信-電訪約裝,0.0
688186,1,網路連線問題,網路品質,0.0
910916,1,網路連線問題,無法上網,0.0
708972,1,網路連線問題,連線其他相關問題,0.0
897192,4,帳務相關,拆機挽回,-0.5
1262185,3,網路連線問題,無法上網,0.3333333333333333
1036693,1,網路連線問題,無法上網,0.0
1176395,2,網路連線問題,Cable modem連線,-1.0
1210175,1,帳務相關,拆機挽回,0.0
1271078,1,經銷商問題,台哥大-電訪約裝,0.0
710218,1,網路連線問題,無法上網,1.0
744883,1,網路連線問題,無法上網,0.0
1126834,2,網路連線問題,Cable modem連線,-1.0
1140328,3,網路連線問題,無法上網,-0.3333333333333333
800595,2,帳務問題,無法上網,0.0
1212806,1,帳務相關,拆機挽回,0.0
1172355,3,經銷商問題,台哥大-人員進電,0.6666666666666666
1216121,1,網路連線問題,無法上網,0.0
900618,1,網路連線問題,無法上網,0.0
1271204,2,經銷商問題,台哥大-電訪約裝,0.0
1061198,2,網路連線問題,無法上網,-1.0
1223707,3,網路連線問題,無法上網,-0.6666666666666666
1268181,2,網路連線問題,固定Ip問題,-0.5
1236481,1,帳務相關,拆機挽回,0.0
925700,1,帳務相關,拆機挽回,0.0
697569,2,帳務問題,拆機挽回,0.0
792931,1,帳務相關,拆機挽回,0.0
1089272,1,網路連線問題,無法上網,0.0
1267989,1,經銷商問題,台哥大-電訪約裝,0.0
1269285,1,經銷商問題,台哥大-電訪約裝,0.0
1268470,4,網路連線問題,固定Ip問題,0.0
1226995,2,經銷商問題,連線其他相關問題,0.0
1269125,2,網路連線問題,無法上網,-0.5
836737,2,網路連線問題,無法上網,0.5
773044,2,經銷商問題,Cable modem連線,0.0
1056761,1,網路連線問題,無法上網,0.0
1269240,1,經銷商問題,遠傳電信-電訪約裝,0.0
1006158,1,網路連線問題,網路品質,0.0
1200234,1,網路連線問題,網路品質,0.0
1259922,1,網路連線問題,無法上網,-2.0
792522,1,網路連線問題,無法上網,0.0
99358,2,網路連線問題,無法上網,-0.5
1272372,2,經銷商問題,台哥大-電訪約裝,0.0
1069990,2,帳務問題,繳費相關問題,0.0
120107,1,帳務問題,繳費相關問題,0.0
1030974,1,帳務問題,繳費相關問題,-2.0
938114,1,網路連線問題,Cable modem連線,-1.0
1062094,1,網路連線問題,網路品質,-1.0
1036280,1,網路連線問題,連線其他相關問題,0.0
942513,1,網路連線問題,無法上網,0.0
828506,2,網路連線問題,無法上網,0.0
1230421,1,網路連線問題,網路品質,0.0
962355,1,網路連線問題,無法上網,0.0
756367,2,帳務問題,無法上網,-1.0
1270484,4,經銷商問題,台哥大-電訪約裝,0.25
1212738,2,帳務相關,拆機挽回,0.0
1268780,2,經銷商問題,台哥大-電訪約裝,0.0
1173184,1,非連線問題,用戶變更基本資料,0.0
1263048,1,網路連線問題,Cable modem連線,-1.0
1167543,1,帳務問題,服務異動,0.0
142623,2,帳務相關,拆機挽回,-0.5
1241291,1,網路連線問題,無法上網,0.0
1268725,1,經銷商問題,台哥大-電訪約裝,0.0
1267154,1,經銷商問題,台哥大-電訪約裝,0.0
1219921,1,網路連線問題,Cable modem連線,0.0
979809,1,網路連線問題,網路品質,0.0
1074380,1,帳務相關,拆機挽回,-1.0
1198960,1,帳務相關,拆機挽回,0.0
1269098,1,經銷商問題,台哥大-電訪約裝,0.0
1269419,4,經銷商問題,台哥大-電訪約裝,0.25
149957,1,網路連線問題,網路品質,0.0
84247,1,網路連線問題,無法上網,1.0
1236057,2,帳務問題,用戶要求優惠,-0.5
1179654,1,網路連線問題,連線其他相關問題,0.0
1270482,4,經銷商問題,台哥大-電訪約裝,0.0
1270485,3,經銷商問題,台哥大-電訪約裝,0.0
815593,1,網路連線問題,網路品質,0.0
770414,2,網路連線問題,無法上網,-1.0
1256402,1,網路連線問題,無法上網,-1.0
1267757,3,經銷商問題,台哥大-電訪約裝,0.0
1271427,1,經銷商問題,遠傳電信-電訪約裝,0.0
859306,1,網路連線問題,無法上網,0.0
1267976,1,經銷商問題,台哥大-電訪約裝,1.0
691880,1,帳務相關,拆機挽回,0.0
88085,2,網路連線問題,無法上網,0.0
1180759,1,經銷商問題,遠傳電信-電訪約裝,0.0
1237437,1,網路連線問題,網路品質,-1.0
1237725,1,網路連線問題,無法上網,-1.0
144788,1,網路連線問題,Cable modem連線,0.0
1188672,3,經銷商問題,台哥大-電訪約裝,0.3333333333333333
1269926,1,經銷商問題,遠傳電信-電訪約裝,0.0
1271444,2,經銷商問題,台哥大-電訪約裝,0.0
1113738,1,帳務相關,拆機挽回,0.0
1267916,4,經銷商問題,遠傳電信-電訪約裝,0.25
1268699,2,經銷商問題,遠傳電信-電訪約裝,0.0
1268708,2,經銷商問題,台哥大-電訪約裝,0.0
108466,1,帳務問題,繳費相關問題,0.0
2263,1,帳務問題,繳費相關問題,0.0
1191372,1,網路連線問題,網路品質,1.0
1262656,1,網路連線問題,無法上網,-1.0
1236178,2,帳務相關,拆機挽回,0.5
36571,1,網路連線問題,無法上網,-1.0
93376,3,網路連線問題,無法上網,-0.3333333333333333
965696,1,帳務相關,拆機挽回,-2.0
683844,1,網路連線問題,無法上網,0.0
843940,1,帳務問題,繳費相關問題,0.0
1190285,3,帳務相關,拆機挽回,-0.6666666666666666
1270913,2,經銷商問題,台哥大-電訪約裝,0.0
1179529,1,帳務相關,拆機挽回,-1.0
14632,5,經銷商問題,台哥大-電訪約裝,0.0
832485,2,網路連線問題,無法上網,0.0
1156797,1,經銷商問題,台哥大-電訪約裝,1.0
1231011,1,網路連線問題,無法上網,0.0
736659,1,網路連線問題,無法上網,0.0
1169887,1,網路連線問題,無法上網,0.0
823886,2,網路連線問題,無法上網,0.0
942600,1,網路連線問題,無法上網,0.0
1271979,1,經銷商問題,台哥大-電訪約裝,0.0
813911,2,網路連線問題,網路品質,-1.0
1271772,1,經銷商問題,遠傳電信-電訪約裝,0.0
1155221,2,帳務問題,拆機挽回,0.0
1074047,3,帳務相關,拆機挽回,0.0
702947,1,帳務問題,繳費相關問題,-1.0
826708,1,帳務問題,繳費相關問題,-1.0
1270703,2,經銷商問題,台哥大-電訪約裝,0.0
1170366,1,網路連線問題,無法上網,0.0
1267795,1,經銷商問題,台哥大-電訪約裝,0.0
919087,1,帳務問題,用戶要求優惠,-1.0
1269754,1,經銷商問題,台哥大-電訪約裝,0.0
728226,2,網路連線問題,無法上網,0.5
1270673,1,經銷商問題,遠傳電信-電訪約裝,0.0
144226,3,網路連線問題,網路品質,1.3333333333333333
928329,3,經銷商問題,台哥大-電訪約裝,0.0
905555,2,網路連線問題,無法上網,0.0
1250589,1,經銷商問題,遠傳電信-電訪約裝,0.0
841428,1,網路連線問題,無法上網,0.0
1267928,2,經銷商問題,台哥大-電訪約裝,0.0
1267987,1,經銷商問題,台哥大-電訪約裝,0.0
1168720,4,經銷商問題,台哥大-電訪約裝,0.0
124694,2,網路連線問題,連線其他相關問題,0.0
1270592,1,經銷商問題,遠傳電信-電訪約裝,0.0
1043316,1,網路連線問題,無法上網,0.0
774838,1,網路連線問題,無法上網,0.0
1144538,2,網路連線問題,無法上網,0.0
732987,1,網路連線問題,無法上網,-1.0
721439,4,帳務問題,連線其他相關問題,0.25
1267710,2,經銷商問題,台哥大-電訪約裝,0.0
61951,3,網路連線問題,無法上網,-1.0
119061,1,網路連線問題,無法上網,-1.0
1267723,2,經銷商問題,台哥大-電訪約裝,0.5
1175626,1,經銷商問題,台哥大-電訪約裝,0.0
851291,2,帳務問題,無法上網,0.0
708737,2,網路連線問題,無法上網,0.0
1243632,1,經銷商問題,遠傳電信-電訪約裝,0.0
1270600,1,經銷商問題,遠傳電信-電訪約裝,0.0
1270602,1,經銷商問題,遠傳電信-電訪約裝,0.0
722091,1,帳務問題,繳費相關問題,-1.0
812349,1,帳務問題,繳費相關問題,0.0
689916,1,網路連線問題,無法上網,1.0
1271225,3,經銷商問題,台哥大-電訪約裝,0.0
1086631,1,網路連線問題,無法上網,0.0
1174067,2,經銷商問題,台哥大-電訪約裝,0.5
1267972,6,經銷商問題,台哥大-電訪約裝,0.0
1270647,1,經銷商問題,遠傳電信-電訪約裝,0.0
1270643,1,經銷商問題,遠傳電信-電訪約裝,0.0
1270649,1,經銷商問題,遠傳電信-電訪約裝,0.0
1238598,1,網路連線問題,連線其他相關問題,1.0
73883,1,網路連線問題,無法上網,0.0
1266611,1,網路連線問題,無法上網,0.0
948353,1,網路連線問題,無法上網,-1.0
40353,3,帳務問題,頻寬方案費率,0.0
1230999,2,網路連線問題,Cable modem連線,-0.5
955839,1,網路連線問題,連線其他相關問題,0.0
24755,1,帳務相關,拆機挽回,-1.0
995601,2,帳務相關,拆機挽回,-1.5
1159435,1,網路連線問題,無法上網,0.0
754942,1,網路連線問題,無法上網,-1.0
947291,1,非連線問題,用戶軟／硬體設備問題,-2.0
1267735,1,經銷商問題,遠傳電信-電訪約裝,0.0
763090,1,非連線問題,固定Ip問題,-1.0
1268591,1,經銷商問題,台哥大-電訪約裝,0.0
829921,2,帳務問題,用戶要求優惠,-0.5
828565,2,帳務問題,無法上網,-1.0
882933,2,帳務問題,無法上網,0.0
1231590,2,帳務相關,拆機挽回,-0.5
1270105,1,經銷商問題,遠傳電信-電訪約裝,0.0
1270125,1,經銷商問題,台哥大-電訪約裝,0.0
1270112,1,經銷商問題,遠傳電信-電訪約裝,0.0
695715,1,網路連線問題,無法上網,-1.0
1194107,2,經銷商問題,台哥大-電訪約裝,0.0
758378,2,帳務問題,拆機挽回,-0.5
1114427,4,帳務問題,服務異動,-0.5
1128263,1,帳務相關,拆機挽回,-1.0
1270778,3,經銷商問題,台哥大-電訪約裝,0.0
1271452,1,經銷商問題,台哥大-電訪約裝,0.0
1083745,1,網路連線問題,無法上網,0.0
834708,1,網路連線問題,網路品質,0.0
821541,2,網路連線問題,網路品質,0.5
1044801,2,網路連線問題,無法上網,0.0
18947,1,網路連線問題,無法上網,0.0
1180056,1,網路連線問題,無法上網,0.0
821234,1,網路連線問題,網路品質,0.0
1139202,1,網路連線問題,無法上網,0.0
1231310,1,帳務問題,服務異動,0.0
1160969,2,網路連線問題,無法上網,0.5
980570,2,經銷商問題,遠傳電信-人員進電,0.0
1270195,2,經銷商問題,遠傳電信-電訪約裝,0.0
1270542,1,經銷商問題,遠傳電信-電訪約裝,0.0
1187470,2,經銷商問題,台哥大-電訪約裝,0.0
1268326,3,經銷商問題,遠傳電信-電訪約裝,0.0
59280,1,帳務相關,拆機挽回,-1.0
1032292,1,帳務相關,拆機挽回,0.0
1242231,2,網路連線問題,網路品質,-0.5
840866,1,網路連線問題,無法上網,0.0
889382,1,網路連線問題,無法上網,0.0
886644,5,網路連線問題,無法上網,-0.2
889797,1,網路連線問題,網路品質,0.0
712808,1,網路連線問題,無法上網,0.0
985707,1,網路連線問題,無法上網,1.0
1078179,1,網路連線問題,無法上網,0.0
1075960,1,網路連線問題,無法上網,0.0
1044440,1,網路連線問題,無法上網,0.0
1006261,1,網路連線問題,無法上網,0.0
1238406,2,網路連線問題,無法上網,0.5
1251488,1,非連線問題,固定Ip問題,0.0
1147898,2,網路連線問題,無法上網,0.0
684632,1,網路連線問題,網路品質,-1.0
1174353,2,帳務問題,拆機挽回,0.0
1223328,4,經銷商問題,遠傳電信-電訪約裝,-0.75
1270256,1,網路連線問題,連線某些網站問題,0.0
747442,1,帳務問題,繳費相關問題,-2.0
1019296,1,網路連線問題,網路品質,0.0
1009230,2,網路連線問題,無法上網,0.0
1152527,1,帳務相關,拆機挽回,0.0
1270504,1,經銷商問題,台哥大-電訪約裝,0.0
1270013,2,經銷商問題,台哥大-電訪約裝,0.0
1270575,2,經銷商問題,台哥大-電訪約裝,0.0
1270635,1,經銷商問題,遠傳電信-電訪約裝,0.0
1210869,1,網路連線問題,無法上網,-1.0
4816,3,帳務問題,用戶退租,-0.3333333333333333
1072836,1,網路連線問題,無法上網,0.0
1073297,1,網路連線問題,無法上網,0.0
1267381,2,經銷商問題,台哥大-電訪約裝,0.0
1118068,1,帳務問題,繳費相關問題,0.0
1221639,3,經銷商問題,遠傳電信-電訪約裝,0.0
907673,1,網路連線問題,無法上網,0.0
1221473,1,帳務相關,拆機挽回,0.0
1219689,1,非連線問題,查詢用戶編號密碼,0.0
689986,3,網路連線問題,無法上網,0.3333333333333333
1046071,1,網路連線問題,無法上網,0.0
142425,1,網路連線問題,Cable modem連線,0.0
85793,3,帳務相關,拆機挽回,0.3333333333333333
1230186,2,帳務問題,繳費相關問題,0.0
62937,1,網路連線問題,無法上網,-1.0
1269496,1,經銷商問題,台哥大-電訪約裝,0.0
725641,2,帳務問題,繳費相關問題,0.5
884582,1,網路連線問題,Cable modem連線,0.0
1231631,1,帳務相關,拆機挽回,0.0
1056687,1,網路連線問題,網路品質,0.0
755197,4,網路連線問題,無法上網,0.5
1271920,3,經銷商問題,台哥大-電訪約裝,0.0
24235,1,網路連線問題,網路品質,0.0
909746,1,帳務相關,拆機挽回,0.0
1267642,2,經銷商問題,遠傳電信-電訪約裝,0.0
1075650,2,網路連線問題,網路品質,-0.5
80181,2,網路連線問題,固定Ip問題,0.0
1255953,3,網路連線問題,無法上網,0.0
758142,2,帳務相關,拆機挽回,0.5
1270956,1,經銷商問題,台哥大-電訪約裝,0.0
1271459,1,經銷商問題,台哥大-電訪約裝,0.0
1240833,2,帳務相關,拆機挽回,0.0
1168205,1,帳務相關,拆機挽回,0.0
1155287,4,帳務問題,拆機挽回,0.0
1259320,4,經銷商問題,遠傳電信-電訪約裝,0.0
1263009,1,網路連線問題,網路品質,1.0
1080045,1,網路連線問題,無法上網,0.0
1271455,2,經銷商問題,台哥大-電訪約裝,0.0
835442,1,網路連線問題,無法上網,0.0
1271904,1,經銷商問題,遠傳電信-電訪約裝,0.0
1074565,1,帳務問題,繳費相關問題,0.0
999084,2,帳務相關,拆機挽回,-0.5
1238283,4,帳務問題,用戶退租,-0.25
122211,1,非連線問題,用戶軟／硬體設備問題,1.0
1262077,1,非連線問題,用戶軟／硬體設備問題,0.0
966048,1,非連線問題,用戶軟／硬體設備問題,0.0
1268002,3,經銷商問題,台哥大-電訪約裝,0.0
696900,1,帳務相關,拆機挽回,0.0
825760,1,網路連線問題,無法上網,0.0
1255501,1,網路連線問題,無法上網,0.0
918944,1,網路連線問題,Cable modem連線,0.0
1172084,1,網路連線問題,Cable modem連線,-1.0
822138,1,網路連線問題,網路品質,-1.0
1268969,1,經銷商問題,遠傳電信-電訪約裝,0.0
148960,2,經銷商問題,遠傳電信-電訪約裝,0.0
1268984,1,經銷商問題,遠傳電信-電訪約裝,0.0
1261002,1,網路連線問題,無法上網,0.0
1159600,1,帳務相關,拆機挽回,0.0
1045198,1,網路連線問題,Cable modem連線,0.0
1082999,2,網路連線問題,無法上網,0.0
1253178,1,網路連線問題,無法上網,0.0
1268787,4,經銷商問題,台哥大-電訪約裝,0.0
1253157,3,經銷商問題,台哥大-電訪約裝,0.3333333333333333
693424,1,網路連線問題,無法上網,0.0
1158857,7,經銷商問題,台哥大-電訪約裝,-0.14285714285714285
1240133,1,帳務相關,拆機挽回,0.0
1269577,2,經銷商問題,台哥大-電訪約裝,0.0
1001778,1,帳務問題,繳費相關問題,-1.0
1267769,1,經銷商問題,台哥大-電訪約裝,0.0
1259311,1,網路連線問題,網路品質,-2.0
762330,1,網路連線問題,無法上網,0.0
1271266,3,網路連線問題,無法上網,-0.3333333333333333
1272170,1,經銷商問題,遠傳電信-電訪約裝,0.0
1270920,1,經銷商問題,台哥大-電訪約裝,0.0
1270081,2,經銷商問題,台哥大-電訪約裝,0.0
1270663,1,經銷商問題,台哥大-電訪約裝,0.0
736619,1,網路連線問題,網路品質,0.0
1271947,2,經銷商問題,台哥大-電訪約裝,0.0
907463,1,網路連線問題,無法上網,-1.0
1161631,1,網路連線問題,無法上網,0.0
711780,1,網路連線問題,網路品質,1.0
1138855,1,網路連線問題,Cable modem連線,0.0
1268317,1,經銷商問題,遠傳電信-電訪約裝,0.0
1268321,1,經銷商問題,遠傳電信-電訪約裝,0.0
1178710,1,經銷商問題,台哥大-電訪約裝,0.0
881759,1,帳務問題,繳費相關問題,-1.0
1224458,6,經銷商問題,遠傳電信-電訪約裝,0.16666666666666666
862226,1,帳務問題,頻寬方案費率,-1.0
1044237,1,網路連線問題,無法上網,0.0
1255633,1,網路連線問題,網路品質,0.0
1269927,1,經銷商問題,台哥大-電訪約裝,0.0
1271233,1,經銷商問題,遠傳電信-電訪約裝,0.0
862943,1,網路連線問題,無法上網,-1.0
1194544,1,帳務問題,用戶要求優惠,0.0
1262736,1,網路連線問題,網路品質,0.0
1250741,2,經銷商問題,台哥大-人員進電,0.0
732044,1,帳務問題,用戶復線,0.0
793714,1,網路連線問題,網路品質,0.0
1268272,2,網路連線問題,無法上網,0.0
1191574,1,網路連線問題,連線其他相關問題,0.0
1270122,2,經銷商問題,台哥大-電訪約裝,0.0
1065581,2,網路連線問題,無法上網,0.0
1267294,1,經銷商問題,台哥大-電訪約裝,0.0
1269482,3,經銷商問題,遠傳電信-電訪約裝,0.0
1042749,1,經銷商問題,台哥大-電訪約裝,0.0
113600,1,帳務相關,拆機挽回,1.0
1236500,1,帳務相關,拆機挽回,-1.0
1013063,1,帳務相關,拆機挽回,-1.0
889676,2,非連線問題,用戶軟／硬體設備問題,0.0
836286,1,網路連線問題,無法上網,-2.0
1268798,1,經銷商問題,台哥大-電訪約裝,0.0
1061382,1,網路連線問題,無法上網,1.0
1164012,2,經銷商問題,台哥大-人員進電,-1.5
1177929,1,網路連線問題,網路品質,0.0
10100,1,網路連線問題,Cable modem連線,0.0
1233951,1,網路連線問題,無法上網,0.0
141736,1,經銷商問題,遠傳電信-電訪約裝,1.0
1151571,1,網路連線問題,無法上網,-1.0
1234590,2,帳務相關,拆機挽回,0.0
1270856,2,經銷商問題,台哥大-電訪約裝,0.0
1068842,3,帳務問題,服務異動,0.0
108444,2,帳務問題,用戶要求優惠,-0.5
994000,2,非連線問題,用戶軟／硬體設備問題,0.0
1233894,2,經銷商問題,用戶變更基本資料,0.0
1187459,1,帳務相關,拆機挽回,0.0
720641,1,帳務問題,帳單/收據寄送問題,0.0
1205685,1,帳務相關,拆機挽回,0.0
1066182,3,網路連線問題,服務異動,0.0
48564,2,經銷商問題,網路品質,-0.5
1269267,2,新產品,建議,0.0
934408,1,網路連線問題,無法上網,-1.0
1268380,2,經銷商問題,台哥大-電訪約裝,0.0
1175578,1,帳務問題,服務異動,0.0
956984,1,網路連線問題,無法上網,-1.0
855213,1,網路連線問題,無法上網,0.0
1258407,1,網路連線問題,連線其他相關問題,-1.0
1170293,1,帳務問題,帳單/收據寄送問題,0.0
1110745,1,網路連線問題,無法上網,0.0
1144466,1,非連線問題,用戶軟／硬體設備問題,0.0
71825,1,帳務相關,拆機挽回,0.0
1248563,1,網路連線問題,無法上網,0.0
1267701,3,經銷商問題,台哥大-電訪約裝,0.0
1267731,4,經銷商問題,遠傳電信-電訪約裝,0.0
51255,2,網路連線問題,無法上網,-1.0
1190780,7,經銷商問題,台哥大-電訪約裝,0.0
1058846,1,網路連線問題,無法上網,0.0
1243569,2,網路連線問題,網路品質,0.5
1056016,1,帳務相關,拆機挽回,0.0
145760,2,帳務相關,拆機挽回,-0.5
1050015,1,網路連線問題,無法上網,-1.0
1070177,1,帳務問題,繳費相關問題,0.0
1096904,1,網路連線問題,無法上網,0.0
1270873,2,經銷商問題,台哥大-電訪約裝,0.0
1094735,1,網路連線問題,Cable modem連線,-1.0
1152239,1,網路連線問題,無法上網,0.0
679842,1,帳務問題,繳費相關問題,0.0
380702,1,註冊問題,mac 己被註冊,1.0
711635,1,網路連線問題,無法上網,-1.0
1245025,1,經銷商問題,遠傳電信-電訪約裝,0.0
1169428,1,網路連線問題,無法上網,0.0
1272206,1,經銷商問題,台哥大-電訪約裝,0.0
690118,1,非連線問題,固定Ip問題,0.0
1083751,2,網路連線問題,連線其他相關問題,0.5
1074004,1,網路連線問題,無法上網,0.0
1106536,1,網路連線問題,無法上網,0.0
690037,1,網路連線問題,連線其他相關問題,0.0
1271803,1,經銷商問題,遠傳電信-電訪約裝,0.0
1142679,1,網路連線問題,無法上網,1.0
66508,1,網路連線問題,網路品質,0.0
867908,1,帳務問題,帳單/收據寄送問題,0.0
1267390,1,經銷商問題,台哥大-電訪約裝,0.0
1268827,1,網路連線問題,無法上網,0.0
1061405,3,網路連線問題,無法上網,0.3333333333333333
147507,1,帳務相關,拆機挽回,0.0
1134135,3,網路連線問題,Cable modem連線,0.0
739223,2,帳務相關,拆機挽回,0.0
1268851,2,經銷商問題,台哥大-電訪約裝,0.0
1268620,2,經銷商問題,遠傳電信-電訪約裝,0.0
1271014,3,經銷商問題,遠傳電信-電訪約裝,0.0
1248934,2,網路連線問題,無法上網,0.0
1267407,2,帳務相關,拆機挽回,-0.5
953484,1,網路連線問題,網路品質,0.0
1267232,1,經銷商問題,遠傳電信-電訪約裝,0.0
1250529,1,網路連線問題,無法上網,-1.0
1270434,2,經銷商問題,遠傳電信-電訪約裝,0.0
1272326,2,經銷商問題,遠傳電信-電訪約裝,0.0
1231395,2,網路連線問題,無法上網,0.0
1270230,2,經銷商問題,台哥大-人員進電,0.0
106048,1,網路連線問題,網路品質,0.0
700690,1,網路連線問題,連線其他相關問題,0.0
713876,1,網路連線問題,無法上網,1.0
769815,2,帳務相關,拆機挽回,-0.5
1143994,1,網路連線問題,網路品質,0.0
1248431,1,網路連線問題,網路品質,0.0
1057530,1,帳務相關,拆機挽回,-1.0
822814,1,網路連線問題,無法上網,0.0
1045880,1,網路連線問題,無法上網,0.0
102129,1,網路連線問題,無法上網,0.0
1152468,1,網路連線問題,網路品質,0.0
994639,1,網路連線問題,無法上網,-1.0
1054788,1,網路連線問題,連線其他相關問題,0.0
1272182,1,經銷商問題,台哥大-電訪約裝,0.0
728341,2,帳務問題,繳費相關問題,-0.5
1235829,1,網路連線問題,無法上網,-1.0
1268552,1,非連線問題,用戶軟／硬體設備問題,-1.0
1272331,1,經銷商問題,台哥大-電訪約裝,0.0
1196317,1,經銷商問題,台哥大-電訪約裝,0.0
1270726,2,經銷商問題,台哥大-電訪約裝,0.0
1271462,3,經銷商問題,遠傳電信-電訪約裝,0.0
886527,1,網路連線問題,Cable modem連線,0.0
705479,2,帳務問題,拆機挽回,-2.5
1195963,2,帳務相關,拆機挽回,0.0
692523,1,帳務相關,拆機挽回,0.0
1075237,2,帳務相關,拆機挽回,-0.5
1128139,1,網路連線問題,無法上網,1.0
893466,1,網路連線問題,無法上網,0.0
1270095,1,經銷商問題,台哥大-電訪約裝,1.0
1270297,2,經銷商問題,台哥大-電訪約裝,0.0
905678,2,帳務問題,服務異動,0.5
684880,1,網路連線問題,無法上網,1.0
1058365,2,網路連線問題,無法上網,0.0
1208990,1,網路連線問題,Cable modem連線,0.0
1071781,1,帳務相關,拆機挽回,0.0
1126773,1,網路連線問題,無法上網,0.0
1122031,1,網路連線問題,無法上網,1.0
967982,1,網路連線問題,無法上網,0.0
934157,1,網路連線問題,網路品質,0.0
1142517,2,網路連線問題,網路品質,0.0
978623,2,經銷商問題,台哥大-電訪約裝,0.0
840216,1,網路連線問題,無法上網,0.0
1118468,1,網路連線問題,連線其他相關問題,0.0
1155919,1,網路連線問題,無法上網,-1.0
1251241,1,經銷商問題,台哥大-電訪約裝,0.0
1174620,2,網路連線問題,無法上網,-0.5
835660,1,網路連線問題,網路品質,2.0
1198994,1,網路連線問題,無法上網,0.0
853663,2,帳務問題,拆機挽回,0.0
1006494,1,網路連線問題,無法上網,0.0
1241257,1,網路連線問題,無法上網,0.0
731414,1,網路連線問題,網路品質,-1.0
705657,1,網路連線問題,無法上網,0.0
1137088,1,網路連線問題,網路品質,0.0
1072007,1,網路連線問題,無法上網,0.0
886917,3,帳務相關,拆機挽回,-0.6666666666666666
946057,1,網路連線問題,連線其他相關問題,-1.0
1134438,3,網路連線問題,無法上網,-0.3333333333333333
1044217,1,網路連線問題,網路品質,0.0
1244898,2,經銷商問題,Cable modem連線,-0.5
1216925,3,經銷商問題,台哥大-人員進電,-0.3333333333333333
1141098,2,經銷商問題,台哥大-電訪約裝,0.0
952771,1,網路連線問題,無法上網,0.0
861,1,網路連線問題,連線某些網站問題,0.0
834350,1,帳務相關,拆機挽回,0.0
837828,1,網路連線問題,Cable modem連線,0.0
1103859,1,網路連線問題,連線其他相關問題,0.0
1211746,2,經銷商問題,台哥大-電訪約裝,-0.5
1050346,1,網路連線問題,無法上網,0.0
1099381,1,網路連線問題,無法上網,0.0
866233,2,網路連線問題,無法上網,0.0
1272255,1,經銷商問題,遠傳電信-電訪約裝,0.0
1270530,1,網路連線問題,網路品質,0.0
726590,1,網路連線問題,無法上網,0.0
997440,2,帳務相關,拆機挽回,-1.0
1195061,1,網路連線問題,無法上網,0.0
29304,1,帳務相關,拆機挽回,0.0
1051169,2,網路連線問題,無法上網,0.0
1245277,1,經銷商問題,台哥大-電訪約裝,1.0
1269195,1,經銷商問題,台哥大-電訪約裝,0.0
1272209,1,經銷商問題,台哥大-電訪約裝,0.0
1163730,1,網路連線問題,無法上網,0.0
1268831,1,經銷商問題,台哥大-電訪約裝,0.0
1264436,1,帳務問題,用戶復線,-1.0
1267519,1,經銷商問題,台哥大-電訪約裝,0.0
780862,2,帳務問題,拆機挽回,0.0
694669,1,網路連線問題,網路品質,0.0
1138219,1,帳務問題,服務異動,0.0
730803,3,帳務相關,拆機挽回,0.0
1005669,1,網路連線問題,無法上網,0.0
1230907,1,網路連線問題,無法上網,0.0
1261333,2,網路連線問題,無法上網,0.0
18160,2,帳務相關,拆機挽回,-0.5
1268076,1,經銷商問題,台哥大-電訪約裝,0.0
1268086,1,經銷商問題,遠傳電信-電訪約裝,0.0
1268085,1,經銷商問題,遠傳電信-電訪約裝,0.0
890593,1,網路連線問題,無法上網,-1.0
1083092,1,網路連線問題,無法上網,0.0
900626,1,網路連線問題,無法上網,0.0
1267508,2,經銷商問題,遠傳電信-電訪約裝,0.0
1269790,1,經銷商問題,台哥大-電訪約裝,0.0
1172553,1,帳務相關,拆機挽回,-1.0
18753,2,帳務問題,繳費相關問題,0.0
1159696,1,網路連線問題,無法上網,0.0
1271242,1,經銷商問題,遠傳電信-電訪約裝,0.0
1267492,1,經銷商問題,遠傳電信-電訪約裝,0.0
848318,1,網路連線問題,無法上網,-1.0
8004,2,帳務相關,拆機挽回,0.0
4,4,經銷商問題,台哥大-人員進電,0.25
1263492,1,網路連線問題,無法上網,0.0
1267321,1,經銷商問題,台哥大-電訪約裝,0.0
1267702,2,經銷商問題,遠傳電信-電訪約裝,0.0
752975,1,網路連線問題,無法上網,0.0
958262,1,網路連線問題,無法上網,0.0
865607,2,網路連線問題,網路品質,0.5
894756,2,網路連線問題,無法上網,0.0
1270788,1,經銷商問題,遠傳電信-電訪約裝,0.0
1238606,3,經銷商問題,遠傳電信-電訪約裝,0.0
3644,1,網路連線問題,Cable modem連線,-1.0
762423,1,網路連線問題,無法上網,0.0
708535,1,網路連線問題,無法上網,0.0
1267854,1,經銷商問題,台哥大-電訪約裝,0.0
1271095,1,經銷商問題,遠傳電信-電訪約裝,0.0
1156637,2,經銷商問題,台哥大-電訪約裝,-0.5
1190669,1,帳務相關,拆機挽回,0.0
1078879,1,經銷商問題,台哥大-電訪約裝,0.0
1250590,2,帳務問題,用戶退租,0.0
710592,1,網路連線問題,網路品質,0.0
1195682,1,網路連線問題,無法上網,0.0
1268515,1,非連線問題,用戶軟／硬體設備問題,1.0
1269041,2,非連線問題,用戶軟／硬體設備問題,0.0
686586,1,網路連線問題,連線其他相關問題,0.0
739062,1,網路連線問題,無法上網,0.0
1049689,3,網路連線問題,無法上網,-0.3333333333333333
735271,1,網路連線問題,無法上網,0.0
1267571,2,經銷商問題,台哥大-電訪約裝,0.0
147157,1,網路連線問題,無法上網,-1.0
1155412,1,網路連線問題,連線其他相關問題,0.0
1155276,1,帳務問題,用戶要求優惠,0.0
1124241,1,帳務相關,拆機挽回,0.0
1241511,1,網路連線問題,無法上網,0.0
1267787,2,經銷商問題,台哥大-電訪約裝,0.0
1219504,1,網路連線問題,無法上網,0.0
1254792,2,網路連線問題,Cable modem連線,-0.5
1270568,1,經銷商問題,遠傳電信-電訪約裝,0.0
1224054,2,帳務相關,拆機挽回,0.0
902524,1,帳務問題,繳費相關問題,0.0
68584,1,帳務問題,繳費相關問題,-1.0
756953,1,網路連線問題,無法上網,-1.0
1166133,1,網路連線問題,無法上網,1.0
1267848,1,經銷商問題,台哥大-電訪約裝,0.0
149278,2,網路連線問題,無法上網,-0.5
1118048,2,帳務相關,拆機挽回,0.0
1182178,1,網路連線問題,無法上網,0.0
1200878,1,非連線問題,用戶軟／硬體設備問題,1.0
978942,1,非連線問題,用戶軟／硬體設備問題,1.0
1045070,1,網路連線問題,無法上網,0.0
1205559,2,經銷商問題,台哥大-電訪約裝,0.0
870300,1,經銷商問題,遠傳電信-電訪約裝,0.0
830771,2,網路連線問題,網路品質,0.5
1132247,1,帳務相關,拆機挽回,0.0
1267815,1,網路連線問題,無法上網,0.0
723331,1,網路連線問題,無法上網,0.0
1267491,2,經銷商問題,遠傳電信-人員進電,0.0
923116,2,網路連線問題,網路品質,0.0
1110154,1,帳務問題,繳費相關問題,0.0
1205680,2,帳務問題,繳費相關問題,0.0
1267788,1,經銷商問題,台哥大-電訪約裝,0.0
1263750,1,經銷商問題,台哥大-電訪約裝,0.0
1180209,1,網路連線問題,無法上網,-1.0
1267783,1,經銷商問題,台哥大-電訪約裝,0.0
1267887,1,經銷商問題,台哥大-電訪約裝,0.0
1267973,2,經銷商問題,台哥大-電訪約裝,0.0
1267506,3,經銷商問題,台哥大-電訪約裝,0.0
144022,1,網路連線問題,無法上網,0.0
1267586,1,經銷商問題,台哥大-電訪約裝,0.0
688866,1,網路連線問題,無法上網,0.0
1151950,1,帳務問題,用戶復線,0.0
1256894,1,網路連線問題,Cable modem連線,-1.0
106631,1,網路連線問題,網路品質,1.0
1187608,1,網路連線問題,網路品質,-1.0
32265,1,經銷商問題,遠傳電信-電訪約裝,0.0
953841,1,網路連線問題,無法上網,0.0
1267865,1,經銷商問題,台哥大-電訪約裝,0.0
916716,1,網路連線問題,無法上網,0.0
1177319,1,經銷商問題,台哥大-電訪約裝,0.0
121433,1,網路連線問題,無法上網,-1.0
1268046,2,經銷商問題,無法上網,0.0
1264673,1,網路連線問題,連線其他相關問題,0.0
58950,1,網路連線問題,無法上網,0.0
995289,3,網路連線問題,無法上網,0.0
1201116,1,網路連線問題,無法上網,0.0
62059,2,網路連線問題,無法上網,0.5
1267636,1,經銷商問題,遠傳電信-電訪約裝,0.0
1267664,1,經銷商問題,台哥大-電訪約裝,0.0
1240750,1,帳務問題,繳費相關問題,0.0
1271051,1,經銷商問題,台哥大-電訪約裝,0.0
1205100,2,經銷商問題,台哥大-電訪約裝,0.0
1155282,1,網路連線問題,無法上網,0.0
79186,2,網路連線問題,無法上網,0.0
1069161,2,帳務相關,拆機挽回,0.5
881420,1,網路連線問題,無法上網,0.0
1180192,1,網路連線問題,網路品質,-1.0
720668,2,網路連線問題,無法上網,0.0
1223441,1,網路連線問題,無法上網,1.0
804829,1,網路連線問題,無法上網,0.0
1268009,1,經銷商問題,台哥大-電訪約裝,0.0
3575,1,經銷商問題,台哥大-電訪約裝,0.0
17511,1,網路連線問題,連線某些網站問題,0.0
1203635,1,帳務問題,繳費相關問題,0.0
1271102,1,經銷商問題,台哥大-電訪約裝,0.0
785607,1,帳務問題,服務異動,0.0
1065276,1,網路連線問題,網路品質,1.0
1074468,1,帳務相關,拆機挽回,0.0
1074335,1,網路連線問題,網路品質,0.0
1270447,2,經銷商問題,台哥大-電訪約裝,0.0
1141403,3,經銷商問題,台哥大-電訪約裝,0.3333333333333333
1270439,1,經銷商問題,台哥大-電訪約裝,1.0
11218,1,帳務問題,服務異動,0.0
1192410,1,帳務相關,拆機挽回,0.0
1263441,1,網路連線問題,無法上網,0.0
1268244,1,經銷商問題,遠傳電信-電訪約裝,0.0
1154374,1,帳務相關,拆機挽回,1.0
1268075,1,經銷商問題,台哥大-電訪約裝,0.0
1268077,2,經銷商問題,台哥大-電訪約裝,0.0
686288,1,網路連線問題,無法上網,-1.0
1043197,1,網路連線問題,無法上網,0.0
1147516,1,網路連線問題,無法上網,-1.0
1270886,1,經銷商問題,台哥大-電訪約裝,0.0
1238834,2,經銷商問題,遠傳電信-電訪約裝,0.0
1151554,2,帳務問題,服務異動,0.0
1088695,1,網路連線問題,無法上網,0.0
1178711,1,網路連線問題,網路品質,0.0
1184970,2,經銷商問題,台哥大-電訪約裝,0.5
1086165,1,網路連線問題,無法上網,0.0
1041970,1,網路連線問題,網路品質,0.0
1209064,1,經銷商問題,台哥大-人員進電,0.0
832563,1,網路連線問題,Cable modem連線,-1.0
872080,1,網路連線問題,網路品質,0.0
698744,1,帳務問題,自動轉帳扣款,0.0
1270615,1,網路連線問題,網路品質,0.0
1126021,1,帳務相關,拆機挽回,0.0
1270147,1,經銷商問題,遠傳電信-人員進電,-5.0
1269718,2,經銷商問題,台哥大-電訪約裝,0.0
1219091,1,網路連線問題,無法上網,0.0
695187,1,帳務相關,拆機挽回,-1.0
1206917,1,網路連線問題,網路品質,1.0
843408,1,網路連線問題,無法上網,0.0
913328,1,網路連線問題,無法上網,0.0
27159,1,帳務相關,拆機挽回,0.0
1269568,3,經銷商問題,台哥大-電訪約裝,0.0
1188413,3,經銷商問題,台哥大-電訪約裝,0.0
1190718,1,網路連線問題,網路品質,1.0
1245253,2,經銷商問題,遠傳電信-人員進電,0.0
1268054,1,經銷商問題,遠傳電信-電訪約裝,0.0
1241088,1,帳務相關,拆機挽回,0.0
709592,1,網路連線問題,無法上網,0.0
91513,2,網路連線問題,mac 己被註冊,0.0
80825,1,經銷商問題,台哥大-電訪約裝,0.0
1069431,1,帳務相關,拆機挽回,0.0
763653,2,網路連線問題,無法上網,0.0
1268019,1,經銷商問題,台哥大-電訪約裝,0.0
1268724,1,經銷商問題,遠傳電信-電訪約裝,0.0
20648,3,網路連線問題,無法上網,0.0
1113327,1,網路連線問題,無法上網,0.0
1267104,1,經銷商問題,台哥大-電訪約裝,0.0
1188710,2,帳務問題,繳費相關問題,-2.0
1210565,2,經銷商問題,台哥大-電訪約裝,0.0
820470,1,網路連線問題,網路品質,-1.0
1267960,1,經銷商問題,台哥大-電訪約裝,0.0
1189932,1,帳務問題,頻寬方案費率,-1.0
694415,1,網路連線問題,Cable modem連線,-1.0
39072,1,經銷商問題,台哥大-電訪約裝,0.0
916063,1,網路連線問題,無法上網,-1.0
1144407,2,經銷商問題,台哥大-人員進電,-0.5
1269603,2,經銷商問題,台哥大-電訪約裝,0.0
1267158,1,網路連線問題,網路品質,-1.0
720419,1,帳務問題,用戶要求優惠,0.0
1182205,1,網路連線問題,無法上網,1.0
1256195,1,網路連線問題,網路品質,0.0
1267685,1,經銷商問題,遠傳電信-電訪約裝,0.0
1022181,1,網路連線問題,無法上網,-1.0
834286,1,非連線問題,固定Ip問題,0.0
1221376,2,經銷商問題,網路品質,0.5
121716,1,非連線問題,用戶變更基本資料,0.0
845032,1,網路連線問題,網路品質,1.0
955908,1,網路連線問題,無法上網,0.0
1240858,1,帳務問題,服務異動,0.0
1272074,1,經銷商問題,遠傳電信-電訪約裝,0.0
1272332,1,經銷商問題,遠傳電信-電訪約裝,0.0
1270424,1,經銷商問題,台哥大-電訪約裝,0.0
1271254,1,帳務問題,頻寬方案費率,-1.0
117585,1,網路連線問題,Cable modem連線,0.0
126736,1,經銷商問題,台哥大-電訪約裝,1.0
1268165,1,經銷商問題,台哥大-電訪約裝,0.0
1259998,1,網路連線問題,無法上網,0.0
1188252,2,經銷商問題,台哥大-電訪約裝,0.0
106500,2,網路連線問題,無法上網,0.0
1269067,2,經銷商問題,台哥大-電訪約裝,-0.5
958758,1,帳務問題,頻寬方案費率,0.0
87186,1,網路連線問題,無法上網,0.0
1233798,1,網路連線問題,無法上網,0.0
1271659,1,經銷商問題,台哥大-電訪約裝,0.0
1167596,1,經銷商問題,台哥大-電訪約裝,0.0
137783,1,帳務相關,拆機挽回,1.0
1243376,1,網路連線問題,無法上網,-1.0
1084249,1,網路連線問題,網路品質,0.0
1241074,1,帳務相關,拆機挽回,0.0
1232805,1,帳務相關,拆機挽回,0.0
1269600,1,經銷商問題,遠傳電信-電訪約裝,0.0
1269612,1,經銷商問題,台哥大-電訪約裝,0.0
141403,1,網路連線問題,無法上網,1.0
112336,2,帳務相關,拆機挽回,0.0
1145416,1,帳務相關,拆機挽回,-1.0
745844,1,網路連線問題,網路品質,0.0
37375,1,網路連線問題,無法上網,0.0
1204992,2,經銷商問題,台哥大-電訪約裝,0.5
1271790,4,經銷商問題,台哥大-電訪約裝,-0.25
1271706,1,經銷商問題,台哥大-電訪約裝,0.0
684516,1,網路連線問題,Cable modem連線,-1.0
116408,3,網路連線問題,網路品質,0.0
1271793,3,經銷商問題,台哥大-電訪約裝,0.0
1263650,1,網路連線問題,無法上網,0.0
1270302,1,經銷商問題,台哥大-電訪約裝,0.0
724241,1,網路連線問題,網路品質,1.0
1268471,1,經銷商問題,遠傳電信-電訪約裝,0.0
23128,1,帳務相關,拆機挽回,0.0
1271024,1,經銷商問題,台哥大-電訪約裝,0.0
1271028,1,經銷商問題,台哥大-電訪約裝,0.0
1163638,3,網路連線問題,網路品質,-0.3333333333333333
1264578,1,網路連線問題,無法上網,0.0
922772,1,網路連線問題,連線其他相關問題,0.0
1080460,2,網路連線問題,無法上網,0.0
723678,1,經銷商問題,台哥大-電訪約裝,0.0
137033,2,帳務問題,台哥大-電訪約裝,0.0
1218974,3,帳務相關,拆機挽回,0.3333333333333333
1267874,1,經銷商問題,遠傳電信-電訪約裝,0.0
707473,1,網路連線問題,Cable modem連線,0.0
1001813,1,網路連線問題,無法上網,0.0
1265338,1,網路連線問題,無法上網,-1.0
1271045,1,經銷商問題,台哥大-電訪約裝,0.0
32570,1,帳務相關,拆機挽回,0.0
1149421,1,經銷商問題,台哥大-電訪約裝,0.0
1137854,1,網路連線問題,網路品質,0.0
1055800,1,網路連線問題,無法上網,0.0
1072226,1,網路連線問題,連線其他相關問題,0.0
977487,1,網路連線問題,無法上網,0.0
1140804,1,網路連線問題,無法上網,0.0
1268427,1,經銷商問題,台哥大-電訪約裝,0.0
1268460,1,經銷商問題,台哥大-電訪約裝,0.0
685162,1,網路連線問題,網路品質,0.0
1185831,2,帳務相關,拆機挽回,0.0
123470,2,經銷商問題,無法上網,0.0
1254177,2,經銷商問題,無法上網,0.0
1271238,1,經銷商問題,遠傳電信-電訪約裝,0.0
685618,1,帳務問題,頻寬方案費率,0.0
1268754,1,經銷商問題,台哥大-電訪約裝,0.0
1271274,1,經銷商問題,遠傳電信-電訪約裝,0.0
1271050,5,經銷商問題,台哥大-電訪約裝,0.0
1178327,3,經銷商問題,台哥大-電訪約裝,0.0
149479,1,網路連線問題,無法上網,-1.0
838593,2,帳務相關,拆機挽回,-0.5
712602,3,網路連線問題,網路品質,-0.3333333333333333
1270228,1,經銷商問題,台哥大-電訪約裝,0.0
766478,1,網路連線問題,無法上網,0.0
1264517,1,網路連線問題,無法上網,0.0
1270102,1,經銷商問題,遠傳電信-電訪約裝,0.0
1245982,1,網路連線問題,無法上網,0.0
1262201,1,網路連線問題,連線其他相關問題,-1.0
1269925,2,經銷商問題,台哥大-電訪約裝,0.0
1249837,2,經銷商問題,無法上網,0.0
1210860,1,帳務問題,繳費相關問題,0.0
1021775,1,網路連線問題,無法上網,0.0
1143201,1,帳務問題,服務異動,0.0
1159168,1,經銷商問題,台哥大-電訪約裝,0.0
1101226,1,網路連線問題,連線其他相關問題,0.0
1221231,1,帳務相關,拆機挽回,0.0
1271809,2,經銷商問題,台哥大-電訪約裝,0.0
1004178,1,網路連線問題,網路品質,1.0
1132993,1,網路連線問題,網路品質,0.0
1214394,1,網路連線問題,無法上網,0.0
29224,1,帳務相關,拆機挽回,0.0
1237618,2,帳務相關,拆機挽回,0.0
686373,1,網路連線問題,無法上網,1.0
756342,1,網路連線問題,無法上網,1.0
1071933,1,經銷商問題,台哥大-電訪約裝,0.0
732831,1,帳務相關,拆機挽回,0.0
1155749,1,帳務相關,拆機挽回,0.0
1267128,2,經銷商問題,台哥大-電訪約裝,0.0
1090590,2,網路連線問題,無法上網,0.0
1149597,1,網路連線問題,連線其他相關問題,0.0
1270571,1,經銷商問題,台哥大-電訪約裝,1.0
1259325,4,經銷商問題,遠傳電信-電訪約裝,0.0
1206961,1,網路連線問題,無法上網,0.0
1172865,3,經銷商問題,台哥大-人員進電,0.0
1250085,4,經銷商問題,台哥大-人員進電,0.0
709771,1,網路連線問題,網路品質,-1.0
1271250,2,經銷商問題,台哥大-人員進電,0.0
942878,1,網路連線問題,無法上網,0.0
1152978,1,網路連線問題,無法上網,0.0
847237,1,網路連線問題,網路品質,1.0
1270776,2,經銷商問題,台哥大-電訪約裝,0.0
962945,1,網路連線問題,網路品質,0.0
142878,1,網路連線問題,網路品質,0.0
745958,1,網路連線問題,網路品質,0.0
769788,1,帳務相關,拆機挽回,0.0
830645,1,網路連線問題,網路品質,1.0
1061027,1,網路連線問題,連線其他相關問題,0.0
1070660,1,帳務相關,拆機挽回,0.0
1268661,1,經銷商問題,台哥大-電訪約裝,0.0
871234,1,網路連線問題,無法上網,0.0
1271157,2,經銷商問題,台哥大-電訪約裝,0.5
1162821,1,經銷商問題,台哥大-電訪約裝,0.0
684774,1,帳務相關,拆機挽回,-1.0
912792,3,帳務相關,拆機挽回,-0.6666666666666666
1189573,1,經銷商問題,台哥大-電訪約裝,1.0
141777,1,網路連線問題,網路品質,-1.0
1248665,1,網路連線問題,無法上網,-1.0
1235733,1,帳務相關,拆機挽回,0.0
981564,1,網路連線問題,無法上網,-1.0
711899,1,帳務問題,自動轉帳扣款,2.0
1271013,1,經銷商問題,遠傳電信-電訪約裝,0.0
1077990,1,網路連線問題,無法上網,0.0
1087855,1,網路連線問題,無法上網,0.0
986224,1,網路連線問題,網路品質,0.0
1271760,2,經銷商問題,台哥大-電訪約裝,0.0
1272359,1,經銷商問題,遠傳電信-電訪約裝,0.0
1272023,1,經銷商問題,台哥大-電訪約裝,0.0
1130886,1,非連線問題,用戶軟／硬體設備問題,1.0
1119626,1,網路連線問題,網路品質,0.0
1018289,1,網路連線問題,網路品質,0.0
999225,1,網路連線問題,無法上網,0.0
1272190,1,經銷商問題,台哥大-電訪約裝,0.0
1268126,2,經銷商問題,無法上網,0.0
1271953,4,經銷商問題,台哥大-電訪約裝,0.0
1053856,1,網路連線問題,Cable modem連線,-1.0
1166449,1,帳務相關,拆機挽回,0.0
11467,1,帳務相關,拆機挽回,0.0
1148433,1,帳務問題,帳單金額/帳單週期問題,0.0
59889,1,網路連線問題,連線某些網站問題,0.0
953834,3,網路連線問題,無法上網,0.0
1160353,1,帳務問題,繳費相關問題,0.0
1259971,1,網路連線問題,無法上網,-1.0
727477,1,網路連線問題,無法上網,0.0
1260870,1,網路連線問題,Cable modem連線,0.0
1093807,2,網路連線問題,無法上網,0.0
884786,2,網路連線問題,無法上網,0.0
835251,1,網路連線問題,網路品質,0.0
41693,2,帳務相關,拆機挽回,-0.5
1219751,1,網路連線問題,網路品質,1.0
1114944,1,網路連線問題,無法上網,0.0
915088,2,網路連線問題,無法上網,-0.5
931878,1,網路連線問題,網路品質,1.0
1260663,1,網路連線問題,無法上網,0.0
46278,1,非連線問題,補收證件,0.0
736274,1,網路連線問題,網路品質,1.0
1272027,2,經銷商問題,台哥大-電訪約裝,0.0
1155575,1,網路連線問題,無法上網,0.0
704644,1,帳務相關,拆機挽回,-1.0
1160741,1,網路連線問題,無法上網,0.0
1158006,2,網路連線問題,無法上網,-1.0
1271241,1,經銷商問題,台哥大-電訪約裝,0.0
912173,2,網路連線問題,無法上網,0.0
1272196,2,經銷商問題,台哥大-電訪約裝,0.0
686833,1,網路連線問題,網路品質,1.0
1262694,1,網路連線問題,Cable modem連線,0.0
1052717,3,帳務問題,用戶要求優惠,0.0
1270247,6,經銷商問題,遠傳電信-人員進電,-0.3333333333333333
1260476,1,帳務相關,拆機挽回,0.0
1043843,1,網路連線問題,網路品質,0.0
756549,1,網路連線問題,無法上網,-1.0
985891,2,網路連線問題,無法上網,-0.5
1044139,1,網路連線問題,網路品質,1.0
1259323,2,經銷商問題,台哥大-電訪約裝,0.0
1151705,1,網路連線問題,無法上網,0.0
917377,1,網路連線問題,無法上網,0.0
1009231,3,網路連線問題,無法上網,0.3333333333333333
884674,1,網路連線問題,無法上網,0.0
1151692,2,網路連線問題,網路品質,0.0
1059490,1,網路連線問題,網路品質,1.0
884814,1,網路連線問題,網路品質,0.0
884826,1,網路連線問題,無法上網,0.0
948141,1,網路連線問題,無法上網,1.0
1267750,2,經銷商問題,台哥大-電訪約裝,0.0
1234265,4,經銷商問題,遠傳電信-人員進電,0.0
836194,1,帳務相關,拆機挽回,0.0
1252555,1,網路連線問題,無法上網,0.0
681011,1,帳務問題,頻寬方案費率,0.0
709277,1,網路連線問題,無法上網,-1.0
21613,1,網路連線問題,Cable modem連線,0.0
1050792,2,網路連線問題,無法上網,0.0
789836,1,網路連線問題,無法上網,-1.0
1260337,1,網路連線問題,無法上網,0.0
1198277,2,經銷商問題,台哥大-電訪約裝,0.0
1148846,1,經銷商問題,台哥大-電訪約裝,0.0
1101867,1,網路連線問題,無法上網,0.0
1153137,1,網路連線問題,網路品質,0.0
1004115,1,網路連線問題,網路品質,-1.0
787470,1,帳務問題,用戶復線,0.0
1162174,1,網路連線問題,Cable modem連線,-1.0
1106431,1,網路連線問題,無法上網,0.0
1271974,3,經銷商問題,台哥大-電訪約裝,0.0
1268928,2,經銷商問題,台哥大-電訪約裝,0.5
1050589,1,網路連線問題,無法上網,0.0
1061465,2,帳務相關,拆機挽回,-0.5
844377,1,網路連線問題,網路品質,-1.0
1227452,2,網路連線問題,無法上網,0.0
1156314,1,網路連線問題,無法上網,1.0
1271643,2,經銷商問題,遠傳電信-電訪約裝,0.0
116987,1,帳務問題,繳費相關問題,0.0
1271807,2,經銷商問題,台哥大-電訪約裝,0.0
680971,1,帳務問題,用戶要求優惠,0.0
736963,1,帳務問題,服務異動,0.0
724148,1,帳務問題,繳費相關問題,0.0
838767,1,帳務問題,繳費相關問題,0.0
1166073,1,非連線問題,用戶軟／硬體設備問題,0.0
977954,1,非連線問題,用戶軟／硬體設備問題,0.0
130400,1,非連線問題,用戶軟／硬體設備問題,1.0
1167553,1,非連線問題,用戶軟／硬體設備問題,0.0
144441,1,非連線問題,用戶軟／硬體設備問題,1.0
1161015,1,非連線問題,用戶軟／硬體設備問題,1.0
941931,1,非連線問題,用戶軟／硬體設備問題,1.0
979018,1,非連線問題,用戶軟／硬體設備問題,1.0
1262210,1,非連線問題,用戶軟／硬體設備問題,1.0
1209125,1,網路連線問題,網路品質,0.0
1163960,1,網路連線問題,Cable modem連線,-1.0
66764,1,帳務相關,拆機挽回,0.0
131792,2,網路連線問題,Cable modem連線,-0.5
7702,2,帳務相關,拆機挽回,0.0
1138016,1,網路連線問題,無法上網,0.0
43524,1,經銷商問題,遠傳電信-電訪約裝,0.0
9854,2,網路連線問題,Cable modem連線,-1.0
1267208,1,經銷商問題,台哥大-電訪約裝,0.0
843284,1,網路連線問題,無法上網,-1.0
1268134,2,經銷商問題,台哥大-電訪約裝,0.5
71667,2,帳務問題,繳費相關問題,-0.5
1129399,1,帳務問題,繳費相關問題,-1.0
833386,2,帳務問題,繳費相關問題,-0.5
1239810,1,經銷商問題,遠傳電信-電訪約裝,0.0
1179689,1,網路連線問題,連線其他相關問題,-1.0
1269003,2,經銷商問題,台哥大-人員進電,0.5
1267145,1,經銷商問題,台哥大-電訪約裝,0.0
97976,2,網路連線問題,無法上網,-1.0
1269485,1,經銷商問題,遠傳電信-電訪約裝,0.0
1269477,1,經銷商問題,台哥大-電訪約裝,-1.0
1270722,1,經銷商問題,遠傳電信-電訪約裝,0.0
1238427,1,帳務相關,拆機挽回,-1.0
1271391,1,經銷商問題,台哥大-電訪約裝,0.0
1258664,1,網路連線問題,無法上網,0.0
1271373,2,經銷商問題,遠傳電信-人員進電,0.0
1170646,1,網路連線問題,連線其他相關問題,-1.0
1139113,1,網路連線問題,網路品質,0.0
1101206,1,網路連線問題,網路品質,0.0
1270860,2,經銷商問題,遠傳電信-電訪約裝,0.0
18817,1,經銷商問題,台哥大-電訪約裝,0.0
1260984,1,非連線問題,用戶移機,0.0
972584,1,網路連線問題,連線其他相關問題,0.0
1105382,1,帳務相關,拆機挽回,-1.0
129388,1,帳務相關,拆機挽回,0.0
1209117,1,網路連線問題,網路品質,1.0
1145929,1,網路連線問題,網路品質,0.0
692664,1,帳務相關,拆機挽回,0.0
1178696,1,網路連線問題,無法上網,0.0
1270130,1,經銷商問題,台哥大-電訪約裝,0.0
1269332,1,經銷商問題,台哥大-電訪約裝,0.0
1208338,1,網路連線問題,無法上網,0.0
1177631,2,網路連線問題,網路品質,0.5
1268450,1,經銷商問題,遠傳電信-電訪約裝,0.0
102021,1,網路連線問題,無法上網,0.0
1140333,3,網路連線問題,無法上網,0.3333333333333333
871247,2,網路連線問題,無法上網,-0.5
1237448,1,網路連線問題,無法上網,1.0
1269421,1,經銷商問題,台哥大-電訪約裝,0.0
712195,1,網路連線問題,網路品質,0.0
1268617,1,經銷商問題,台哥大-電訪約裝,0.0
1152554,1,網路連線問題,無法上網,-1.0
57994,1,網路連線問題,無法上網,0.0
1039205,2,帳務相關,拆機挽回,0.0
842968,1,帳務相關,拆機挽回,-1.0
1152976,1,帳務問題,服務異動,0.0
1199446,1,帳務問題,服務異動,0.0
1229313,1,帳務問題,服務異動,0.0
688744,1,網路連線問題,網路品質,0.0
1100561,1,網路連線問題,無法上網,0.0
1180420,2,網路連線問題,Cable modem連線,0.5
729142,1,帳務問題,頻寬方案費率,0.0
969710,1,帳務相關,拆機挽回,0.0
1075260,1,網路連線問題,網路品質,1.0
103525,1,網路連線問題,無法上網,-1.0
754549,1,網路連線問題,無法上網,0.0
94755,1,網路連線問題,網路品質,1.0
877999,2,帳務問題,服務異動,0.5
1188396,2,帳務問題,服務異動,0.5
1268849,2,經銷商問題,遠傳電信-電訪約裝,0.0
1231136,1,網路連線問題,網路品質,0.0
84339,1,帳務問題,用戶復線,0.0
1189603,1,網路連線問題,無法上網,0.0
890230,1,網路連線問題,無法上網,0.0
1078160,1,網路連線問題,網路品質,1.0
1269153,2,經銷商問題,台哥大-電訪約裝,0.0
1270317,1,經銷商問題,台哥大-電訪約裝,0.0
821091,1,帳務相關,拆機挽回,0.0
1042326,1,帳務問題,頻寬方案費率,0.0
1059076,1,帳務相關,拆機挽回,0.0
944734,1,網路連線問題,無法上網,-1.0
1080947,1,網路連線問題,無法上網,0.0
692418,1,網路連線問題,網路品質,0.0
694598,1,帳務問題,服務異動,0.0
1269132,2,經銷商問題,遠傳電信-電訪約裝,0.0
1269535,1,經銷商問題,台哥大-電訪約裝,0.0
687409,1,帳務相關,拆機挽回,0.0
1269500,1,網路連線問題,無法上網,0.0
35299,1,帳務問題,繳費相關問題,0.0
1271231,1,經銷商問題,台哥大-電訪約裝,0.0
1110348,2,帳務問題,用戶要求優惠,0.0
1269164,2,經銷商問題,台哥大-人員進電,0.0
1165303,2,帳務問題,用戶要求優惠,0.5
1140665,1,網路連線問題,連線某些網站問題,0.0
1067490,1,網路連線問題,無法上網,0.0
1241536,1,網路連線問題,無法上網,0.0
1269539,1,經銷商問題,遠傳電信-電訪約裝,0.0
829925,1,網路連線問題,網路品質,0.0
844362,1,經銷商問題,台哥大-電訪約裝,0.0
1086340,2,網路連線問題,無法上網,0.0
1095550,1,網路連線問題,網路品質,0.0
1268883,1,經銷商問題,遠傳電信-電訪約裝,0.0
1135666,1,網路連線問題,無法上網,-1.0
1270544,1,經銷商問題,台哥大-電訪約裝,1.0
1267316,1,經銷商問題,台哥大-電訪約裝,0.0
798300,3,網路連線問題,無法上網,-0.3333333333333333
799217,2,網路連線問題,Cable modem連線,0.0
10165,1,網路連線問題,無法上網,0.0
1267920,1,經銷商問題,遠傳電信-電訪約裝,0.0
100268,1,帳務相關,拆機挽回,0.0
1252436,1,網路連線問題,無法上網,0.0
751906,1,網路連線問題,網路品質,-1.0
746239,1,網路連線問題,Cable modem連線,-1.0
1108311,1,帳務問題,繳費相關問題,0.0
1268162,1,經銷商問題,台哥大-電訪約裝,0.0
148076,1,帳務問題,繳費相關問題,0.0
1252144,1,網路連線問題,無法上網,0.0
824596,1,網路連線問題,無法上網,0.0
730435,1,網路連線問題,連線其他相關問題,1.0
23332,1,網路連線問題,無法上網,0.0
1254068,1,網路連線問題,網路品質,0.0
1248334,2,網路連線問題,無法上網,-1.0
1270311,1,經銷商問題,台哥大-電訪約裝,0.0
818489,2,帳務相關,拆機挽回,-0.5
1270479,1,經銷商問題,台哥大-電訪約裝,0.0
942508,1,網路連線問題,無法上網,0.0
697847,1,網路連線問題,無法上網,0.0
1265503,1,網路連線問題,無法上網,0.0
834859,1,網路連線問題,無法上網,-1.0
866474,1,網路連線問題,無法上網,0.0
874974,2,網路連線問題,無法上網,0.0
133888,2,經銷商問題,Cable modem連線,0.0
1086240,1,網路連線問題,連線其他相關問題,0.0
679211,1,經銷商問題,台哥大-電訪約裝,-1.0
1269611,1,經銷商問題,台哥大-電訪約裝,0.0
976554,1,網路連線問題,無法上網,0.0
1269914,1,經銷商問題,台哥大-電訪約裝,0.0
1210789,1,網路連線問題,無法上網,0.0
1270026,1,經銷商問題,遠傳電信-電訪約裝,0.0
1270076,1,經銷商問題,遠傳電信-電訪約裝,0.0
59924,2,經銷商問題,台哥大-電訪約裝,0.0
1270103,2,經銷商問題,台哥大-電訪約裝,-0.5
1108390,2,網路連線問題,網路品質,0.5
6198,1,網路連線問題,無法上網,0.0
1203511,4,經銷商問題,台哥大-人員進電,-0.25
97722,4,帳務問題,用戶要求優惠,0.25
1063734,1,帳務問題,繳費相關問題,0.0
1219224,1,帳務相關,拆機挽回,0.0
1045957,1,帳務相關,拆機挽回,0.0
22430,1,帳務相關,拆機挽回,0.0
909944,1,經銷商問題,遠傳電信-電訪約裝,0.0
1154865,1,帳務相關,拆機挽回,0.0
1193240,5,帳務相關,拆機挽回,-0.4
971882,1,網路連線問題,網路品質,0.0
1045589,1,網路連線問題,無法上網,-1.0
141112,1,網路連線問題,無法上網,-1.0
1267196,1,經銷商問題,台哥大-電訪約裝,0.0
1165368,1,網路連線問題,無法上網,0.0
1146285,1,網路連線問題,無法上網,-1.0
793268,1,網路連線問題,網路品質,0.0
1255553,1,網路連線問題,無法上網,0.0
1047420,3,網路連線問題,無法上網,-0.6666666666666666
1252797,1,經銷商問題,遠傳電信-電訪約裝,0.0
1175654,1,網路連線問題,無法上網,0.0
1235166,2,帳務問題,頻寬方案費率,-0.5
1077597,2,網路連線問題,Cable modem連線,0.0
1268980,1,經銷商問題,台哥大-電訪約裝,0.0
749839,1,網路連線問題,網路品質,0.0
1091542,2,網路連線問題,無法上網,0.0
839399,1,網路連線問題,網路品質,0.0
1157487,2,網路連線問題,無法上網,0.0
1140343,1,網路連線問題,無法上網,0.0
1208347,1,帳務相關,拆機挽回,0.0
1209211,1,帳務相關,拆機挽回,0.0
720661,1,帳務相關,拆機挽回,0.0
723380,1,帳務相關,拆機挽回,0.0
1140578,1,網路連線問題,無法上網,-1.0
832422,1,網路連線問題,網路品質,1.0
1148287,1,網路連線問題,網路品質,0.0
700574,1,網路連線問題,無法上網,0.0
22244,1,網路連線問題,網路品質,-1.0
63190,1,網路連線問題,遊戲連線,-1.0
40360,1,網路連線問題,Cable modem連線,-1.0
1270677,1,經銷商問題,遠傳電信-電訪約裝,0.0
1268237,1,經銷商問題,台哥大-電訪約裝,0.0
1267567,1,經銷商問題,台哥大-電訪約裝,0.0
982561,1,網路連線問題,網路品質,-1.0
1268422,1,經銷商問題,台哥大-電訪約裝,0.0
1168506,1,帳務相關,拆機挽回,0.0
1159139,2,網路連線問題,無法上網,0.0
712821,4,帳務相關,拆機挽回,0.0
1145990,1,網路連線問題,網路品質,0.0
1161023,1,網路連線問題,無法上網,0.0
1132985,1,網路連線問題,無法上網,-1.0
1268390,1,經銷商問題,遠傳電信-電訪約裝,0.0
1234989,2,帳務問題,拆機挽回,-0.5
1125363,1,帳務問題,頻寬方案費率,1.0
70009,1,網路連線問題,無法上網,-1.0
1270148,1,網路連線問題,無法上網,0.0
1270049,2,經銷商問題,遠傳電信-人員進電,0.0
1268095,2,經銷商問題,台哥大-電訪約裝,0.0
1268147,1,經銷商問題,遠傳電信-電訪約裝,0.0
53128,1,網路連線問題,無法上網,-1.0
692428,2,帳務問題,用戶要求優惠,0.0
988049,1,非連線問題,固定Ip問題,0.0
983260,1,網路連線問題,網路品質,0.0
1268325,1,經銷商問題,遠傳電信-電訪約裝,0.0
1259077,1,網路連線問題,網路品質,1.0
1270698,1,經銷商問題,遠傳電信-電訪約裝,0.0
1240357,2,經銷商問題,台哥大-電訪約裝,0.0
1230751,1,網路連線問題,無法上網,0.0
1089165,2,帳務相關,拆機挽回,0.0
1193242,2,帳務問題,頻寬方案費率,0.5
1135973,1,網路連線問題,無法上網,1.0
1270937,1,經銷商問題,台哥大-電訪約裝,0.0
35677,2,經銷商問題,台哥大-電訪約裝,0.0
67898,1,經銷商問題,遠傳電信-電訪約裝,0.0
1155909,3,帳務相關,拆機挽回,0.0
116785,1,網路連線問題,無法上網,0.0
1268142,2,經銷商問題,台哥大-電訪約裝,0.0
1093169,1,網路連線問題,無法上網,0.0
1235342,1,網路連線問題,無法上網,0.0
755476,2,帳務相關,拆機挽回,0.0
1239332,1,網路連線問題,Cable modem連線,0.0
1155045,1,帳務相關,拆機挽回,-1.0
1216908,1,經銷商問題,台哥大-電訪約裝,0.0
87248,1,網路連線問題,無法上網,0.0
1253887,1,網路連線問題,無法上網,1.0
1152775,1,網路連線問題,無法上網,0.0
1267902,1,網路連線問題,連線其他相關問題,0.0
1157169,1,非連線問題,固定Ip問題,3.0
780099,1,網路連線問題,Cable modem連線,-1.0
741358,1,帳務問題,服務異動,0.0
1267771,1,經銷商問題,台哥大-電訪約裝,0.0
1267825,1,經銷商問題,台哥大-電訪約裝,0.0
672744,1,網路連線問題,無法上網,0.0
1175063,1,網路連線問題,無法上網,0.0
838783,1,網路連線問題,無法上網,0.0
55482,1,網路連線問題,網路品質,2.0
1268753,1,經銷商問題,遠傳電信-電訪約裝,0.0
1243520,1,經銷商問題,遠傳電信-電訪約裝,0.0
1149920,1,網路連線問題,無法上網,-1.0
1229462,1,帳務問題,用戶要求優惠,0.0
1230625,1,帳務問題,繳費相關問題,0.0
1270156,1,經銷商問題,遠傳電信-電訪約裝,0.0
144156,1,網路連線問題,網路品質,0.0
1145259,2,帳務相關,拆機挽回,0.0
1268143,1,經銷商問題,遠傳電信-電訪約裝,0.0
750607,2,經銷商問題,台哥大-電訪約裝,0.0
1234215,1,帳務相關,拆機挽回,0.0
1268336,1,經銷商問題,台哥大-電訪約裝,0.0
1221928,1,帳務相關,拆機挽回,0.0
1235718,1,帳務相關,拆機挽回,-2.0
1119624,2,網路連線問題,無法上網,0.5
1224759,1,經銷商問題,台哥大-電訪約裝,1.0
1262165,1,網路連線問題,無法上網,0.0
981684,1,帳務相關,拆機挽回,-1.0
1079547,1,網路連線問題,網路品質,0.0
1268536,2,經銷商問題,台哥大-電訪約裝,0.0
1197095,1,帳務問題,頻寬方案費率,0.0
79229,1,帳務相關,拆機挽回,0.0
901445,1,網路連線問題,無法上網,0.0
1140801,2,經銷商問題,台哥大-電訪約裝,0.0
1155524,1,帳務問題,帳單金額/帳單週期問題,0.0
884739,1,網路連線問題,無法上網,-1.0
1270519,1,經銷商問題,台哥大-電訪約裝,0.0
936574,1,網路連線問題,無法上網,0.0
88050,3,網路連線問題,網路品質,0.0
1157715,3,網路連線問題,無法上網,-0.3333333333333333
1268817,1,經銷商問題,遠傳電信-電訪約裝,0.0
1268842,1,經銷商問題,遠傳電信-電訪約裝,0.0
1155616,2,帳務相關,拆機挽回,-0.5
1268546,1,經銷商問題,台哥大-電訪約裝,0.0
940483,1,網路連線問題,網路品質,0.0
1188472,1,經銷商問題,台哥大-電訪約裝,1.0
1267739,1,經銷商問題,遠傳電信-電訪約裝,0.0
722418,1,網路連線問題,Cable modem連線,0.0
1065399,1,網路連線問題,無法上網,0.0
837489,1,網路連線問題,無法上網,-1.0
1232593,1,帳務相關,拆機挽回,-1.0
139243,1,非連線問題,用戶變更基本資料,0.0
1033634,1,非連線問題,用戶變更基本資料,0.0
88335,1,網路連線問題,Cable modem連線,-1.0
934588,1,網路連線問題,Cable modem連線,-1.0
993382,1,網路連線問題,無法上網,-1.0
1143450,1,網路連線問題,網路品質,0.0
1267835,1,經銷商問題,台哥大-電訪約裝,0.0
1267855,1,經銷商問題,台哥大-電訪約裝,0.0
1227741,1,網路連線問題,無法上網,0.0
1138783,2,經銷商問題,台哥大-人員進電,-1.5
957881,1,網路連線問題,無法上網,0.0
1260202,1,網路連線問題,無法上網,-1.0
1155001,1,網路連線問題,無法上網,0.0
76975,1,網路連線問題,無法上網,0.0
1249708,1,網路連線問題,網路品質,0.0
21617,1,網路連線問題,無法上網,-1.0
1267139,1,經銷商問題,台哥大-電訪約裝,0.0
1216310,1,網路連線問題,無法上網,0.0
12570,1,帳務相關,拆機挽回,0.0
1268966,1,經銷商問題,台哥大-電訪約裝,0.0
1193559,1,網路連線問題,網路品質,-1.0
1233552,1,帳務相關,拆機挽回,0.0
1188515,1,網路連線問題,Cable modem連線,0.0
1269928,1,經銷商問題,台哥大-電訪約裝,0.0
960085,1,網路連線問題,無法上網,0.0
1142510,1,網路連線問題,Cable modem連線,0.0
67933,1,網路連線問題,無法上網,-1.0
746716,1,網路連線問題,網路品質,-1.0
1066610,1,非連線問題,固定Ip問題,0.0
36207,1,網路連線問題,無法上網,0.0
1058108,1,帳務問題,服務異動,0.0
1268107,1,網路連線問題,無法上網,0.0
1248160,1,帳務相關,拆機挽回,0.0
57114,1,帳務相關,拆機挽回,0.0
1268457,1,網路連線問題,網路品質,0.0
120743,1,網路連線問題,無法上網,0.0
1242591,1,網路連線問題,無法上網,1.0
1070137,1,網路連線問題,無法上網,1.0
692943,2,網路連線問題,網路品質,0.0
1267302,1,經銷商問題,遠傳電信-電訪約裝,0.0
1236903,1,帳務相關,拆機挽回,0.0
114033,1,網路連線問題,無法上網,-1.0
1268769,1,經銷商問題,台哥大-電訪約裝,0.0
1224047,1,網路連線問題,無法上網,1.0
1268777,2,經銷商問題,遠傳電信-電訪約裝,0.0
145189,2,網路連線問題,無法上網,-1.0
1196086,1,經銷商問題,台哥大-電訪約裝,0.0
1258474,1,網路連線問題,網路品質,-2.0
104967,2,網路連線問題,無法上網,0.5
62338,1,網路連線問題,無法上網,0.0
1272051,2,經銷商問題,台哥大-電訪約裝,0.0
866068,1,帳務問題,方案異動CM轉EPON,0.0
844503,1,網路連線問題,無法上網,0.0
1136905,1,網路連線問題,網路品質,-1.0
901443,1,網路連線問題,無法上網,-1.0
826761,1,網路連線問題,Cable modem連線,-1.0
21424,1,網路連線問題,無法上網,0.0
1209894,1,網路連線問題,連線其他相關問題,0.0
1267681,1,網路連線問題,無法上網,0.0
876569,1,網路連線問題,無法上網,0.0
1270934,1,經銷商問題,遠傳電信-電訪約裝,0.0
1162248,2,經銷商問題,台哥大-電訪約裝,0.0
936277,1,帳務問題,頻寬方案費率,-2.0
1209055,1,網路連線問題,無法上網,0.0
992838,2,帳務問題,網路品質,0.0
33912,1,網路連線問題,Cable modem連線,0.0
1080183,1,帳務相關,拆機挽回,-1.0
978737,1,網路連線問題,無法上網,0.0
1267997,1,經銷商問題,遠傳電信-電訪約裝,0.0
1179454,1,網路連線問題,網路品質,0.0
1269961,1,經銷商問題,台哥大-電訪約裝,1.0
1270157,2,經銷商問題,台哥大-電訪約裝,0.0
123376,1,網路連線問題,無法上網,0.0
825204,1,網路連線問題,無法上網,0.0
1268924,1,經銷商問題,遠傳電信-電訪約裝,0.0
859903,1,帳務問題,繳費相關問題,0.0
1076054,1,帳務問題,繳費相關問題,0.0
1099094,1,帳務問題,繳費相關問題,1.0
133577,1,帳務問題,繳費相關問題,-1.0
2445,1,帳務問題,繳費相關問題,0.0
1020463,1,帳務問題,繳費相關問題,-1.0
114393,1,帳務問題,繳費相關問題,0.0
1231009,1,網路連線問題,無法上網,-1.0
144388,1,帳務問題,繳費相關問題,0.0
1153143,1,帳務問題,服務異動,0.0
1052350,1,帳務問題,服務異動,0.0
137822,1,帳務問題,服務異動,0.0
952139,1,網路連線問題,無法上網,0.0
1207323,2,經銷商問題,台哥大-電訪約裝,-0.5
1269745,1,經銷商問題,遠傳電信-電訪約裝,0.0
70888,1,帳務相關,拆機挽回,-1.0
1271328,1,經銷商問題,遠傳電信-電訪約裝,0.0
141675,1,網路連線問題,網路品質,1.0
842193,1,網路連線問題,無法上網,0.0
13122,1,網路連線問題,Cable modem連線,-1.0
1223269,1,網路連線問題,無法上網,0.0
1270050,2,經銷商問題,遠傳電信-人員進電,0.0
1217104,1,帳務相關,拆機挽回,0.0
692134,1,網路連線問題,網路品質,0.0
1272144,1,經銷商問題,遠傳電信-電訪約裝,0.0
1193399,2,經銷商問題,台哥大-電訪約裝,0.0
1147597,1,網路連線問題,無法上網,0.0
1219898,1,網路連線問題,無法上網,0.0
1237340,1,帳務相關,拆機挽回,0.0
729255,1,網路連線問題,網路品質,0.0
1195888,1,經銷商問題,台哥大-電訪約裝,0.0
1268544,1,經銷商問題,遠傳電信-電訪約裝,0.0
1151585,1,經銷商問題,台哥大-電訪約裝,0.0
1211817,1,帳務問題,用戶復線,0.0
1043341,1,網路連線問題,無法上網,0.0
380315,1,帳務相關,拆機挽回,0.0
1154759,1,帳務相關,拆機挽回,-1.0
37767,1,網路連線問題,Cable modem連線,-1.0
1271461,2,經銷商問題,台哥大-電訪約裝,0.0
1053552,1,帳務相關,拆機挽回,0.0
1260477,2,網路連線問題,無法上網,0.0
65195,1,網路連線問題,網路品質,0.0
995951,1,網路連線問題,無法上網,0.0
970828,1,網路連線問題,無法上網,0.0
733140,1,網路連線問題,無法上網,0.0
1112968,1,網路連線問題,網路品質,0.0
1075013,1,網路連線問題,無法上網,0.0
1131296,2,帳務相關,拆機挽回,0.0
147229,1,網路連線問題,無法上網,0.0
1087458,1,網路連線問題,連線其他相關問題,0.0
1149005,1,網路連線問題,無法上網,0.0
1169420,1,網路連線問題,無法上網,0.0
1181097,1,網路連線問題,網路品質,1.0
1208968,1,帳務相關,拆機挽回,0.0
1005393,1,網路連線問題,無法上網,0.0
962057,1,網路連線問題,無法上網,0.0
1267833,1,經銷商問題,遠傳電信-電訪約裝,0.0
1267873,1,經銷商問題,遠傳電信-電訪約裝,0.0
692500,1,網路連線問題,網路品質,0.0
1044229,1,網路連線問題,無法上網,0.0
1048936,1,網路連線問題,網路品質,1.0
1271648,2,經銷商問題,無法上網,0.5
148752,1,網路連線問題,無法上網,0.0
106143,1,網路連線問題,網路品質,0.0
1270852,1,經銷商問題,台哥大-電訪約裝,0.0
1232713,1,網路連線問題,無法上網,-1.0
1262883,1,網路連線問題,連線其他相關問題,1.0
1074356,1,網路連線問題,無法上網,0.0
1195333,1,經銷商問題,台哥大-電訪約裝,0.0
1162164,2,經銷商問題,遠傳電信-電訪約裝,0.0
1159803,1,網路連線問題,無法上網,0.0
1264783,2,網路連線問題,無法上網,0.5
1170704,1,經銷商問題,台哥大-電訪約裝,0.0
958652,1,網路連線問題,連線其他相關問題,0.0
1271841,1,經銷商問題,台哥大-電訪約裝,0.0
970475,1,網路連線問題,無法上網,0.0
1270897,1,經銷商問題,台哥大-電訪約裝,0.0
722924,1,網路連線問題,網路品質,0.0
25628,1,網路連線問題,網路品質,-2.0
1217224,1,網路連線問題,網路品質,0.0
1057321,1,網路連線問題,網路品質,-1.0
1220097,1,網路連線問題,無法上網,0.0
1259324,2,經銷商問題,遠傳電信-電訪約裝,0.0
1027283,1,網路連線問題,網路品質,0.0
1219601,2,帳務相關,拆機挽回,0.0
752302,1,帳務相關,拆機挽回,-1.0
1270888,2,經銷商問題,台哥大-電訪約裝,0.0
707514,1,網路連線問題,網路品質,0.0
1159942,1,網路連線問題,無法上網,-1.0
1271640,2,經銷商問題,台哥大-電訪約裝,0.0
1046905,1,網路連線問題,網路品質,1.0
1030054,1,網路連線問題,無法上網,0.0
1158336,1,帳務問題,用戶要求優惠,0.0
682821,1,帳務問題,用戶要求優惠,0.0
1269106,4,經銷商問題,台哥大-電訪約裝,0.0
17892,1,網路連線問題,無法上網,-1.0
91203,2,網路連線問題,無法上網,1.0
1044218,1,網路連線問題,網路品質,-1.0
1271977,1,帳務問題,頻寬方案費率,0.0
713562,1,帳務相關,拆機挽回,-1.0
683321,1,網路連線問題,網路品質,1.0
691583,1,網路連線問題,Cable modem連線,-1.0
1174340,1,網路連線問題,無法上網,-1.0
1271506,1,經銷商問題,遠傳電信-電訪約裝,0.0
1066493,1,網路連線問題,無法上網,0.0
1270448,1,經銷商問題,台哥大-電訪約裝,0.0
926081,1,網路連線問題,無法上網,1.0
1270616,1,經銷商問題,台哥大-電訪約裝,0.0
813452,1,帳務問題,繳費相關問題,0.0
1149636,1,網路連線問題,無法上網,0.0
29695,1,網路連線問題,無法上網,-1.0
785610,1,網路連線問題,無法上網,0.0
1270780,1,經銷商問題,台哥大-電訪約裝,0.0
1270753,1,經銷商問題,台哥大-電訪約裝,0.0
1046496,1,網路連線問題,無法上網,-1.0
1117029,1,網路連線問題,無法上網,0.0
894257,1,網路連線問題,無法上網,0.0
130498,1,帳務相關,拆機挽回,0.0
1220661,2,經銷商問題,無法上網,0.0
1266741,1,經銷商問題,台哥大-電訪約裝,0.0
759806,1,帳務問題,退回中獎發票通知,0.0
1231405,1,帳務問題,用戶退租,0.0
1075354,1,網路連線問題,網路品質,0.0
1270784,1,經銷商問題,台哥大-電訪約裝,0.0
1083730,1,網路連線問題,Cable modem連線,-1.0
81648,2,帳務相關,拆機挽回,0.0
1177603,1,網路連線問題,連線其他相關問題,0.0
1271521,1,經銷商問題,台哥大-電訪約裝,0.0
61126,1,帳務相關,拆機挽回,0.0
847657,1,帳務問題,繳費相關問題,0.0
993372,1,帳務相關,拆機挽回,0.0
134306,1,網路連線問題,網路品質,-2.0
691093,1,網路連線問題,Cable modem連線,0.0
1258792,2,經銷商問題,台哥大-電訪約裝,-0.5
1228211,1,網路連線問題,無法上網,0.0
707094,1,網路連線問題,無法上網,0.0
1152177,1,帳務問題,服務異動,0.0
1137072,1,帳務問題,服務異動,0.0
112951,1,網路連線問題,Cable modem連線,0.0
117011,2,帳務問題,頻寬方案費率,-0.5
1244344,2,經銷商問題,遠傳電信-電訪約裝,0.0
728871,2,網路連線問題,無法上網,0.0
793928,1,網路連線問題,無法上網,0.0
1240347,1,帳務相關,拆機挽回,0.0
850699,1,網路連線問題,無法上網,-1.0
1158750,2,經銷商問題,台哥大-電訪約裝,0.0
977942,1,經銷商問題,遠傳電信-電訪約裝,0.0
56348,1,網路連線問題,連線其他相關問題,-1.0
789148,1,帳務問題,自動轉帳扣款,0.0
1132861,1,網路連線問題,網路品質,0.0
1078932,1,網路連線問題,無法上網,0.0
924353,3,網路連線問題,無法上網,-0.3333333333333333
1151046,2,經銷商問題,台哥大-人員進電,0.0
1144118,1,網路連線問題,無法上網,-1.0
1139399,1,網路連線問題,無法上網,0.0
80490,1,網路連線問題,Cable modem連線,0.0
1111166,1,網路連線問題,無法上網,0.0
1136616,1,網路連線問題,無法上網,0.0
999226,1,網路連線問題,連線其他相關問題,0.0
1272315,1,經銷商問題,遠傳電信-電訪約裝,0.0
104702,1,網路連線問題,無法上網,0.0
1159337,1,網路連線問題,無法上網,0.0
116660,1,網路連線問題,無法上網,0.0
916993,1,網路連線問題,無法上網,0.0
1268161,1,經銷商問題,台哥大-電訪約裝,0.0
147909,1,網路連線問題,無法上網,0.0
1230443,1,帳務問題,用戶退租,0.0
1271913,1,經銷商問題,台哥大-電訪約裝,0.0
67722,1,網路連線問題,網路品質,0.0
137351,1,網路連線問題,網路品質,-2.0
1268045,1,經銷商問題,台哥大-電訪約裝,0.0
711282,1,帳務相關,拆機挽回,0.0
1122591,1,帳務相關,拆機挽回,0.0
145405,2,帳務相關,拆機挽回,0.0
1272403,1,經銷商問題,遠傳電信-電訪約裝,0.0
901446,1,網路連線問題,無法上網,0.0
1270774,1,經銷商問題,遠傳電信-電訪約裝,0.0
1271201,2,經銷商問題,無法上網,0.0
760420,1,帳務問題,繳費相關問題,1.0
947376,1,網路連線問題,無法上網,-1.0
1271387,2,經銷商問題,台哥大-電訪約裝,0.5
1078541,1,帳務問題,用戶要求優惠,0.0
75419,1,網路連線問題,無法上網,0.0
1083712,1,網路連線問題,無法上網,0.0
1090589,1,網路連線問題,無法上網,0.0
130821,2,網路連線問題,無法上網,-0.5
1271535,1,經銷商問題,台哥大-電訪約裝,0.0
1215915,1,網路連線問題,無法上網,-1.0
975098,1,經銷商問題,台哥大-電訪約裝,0.0
829171,1,網路連線問題,網路品質,0.0
976700,1,網路連線問題,無法上網,0.0
1227611,1,帳務相關,拆機挽回,0.0
144579,1,網路連線問題,網路品質,0.0
1267009,1,經銷商問題,遠傳電信-電訪約裝,0.0
1228777,1,帳務相關,拆機挽回,-1.0
121361,1,帳務問題,服務異動,0.0
1270800,1,經銷商問題,遠傳電信-電訪約裝,0.0
1151623,1,網路連線問題,無法上網,0.0
1268797,2,經銷商問題,台哥大-電訪約裝,0.0
883168,1,網路連線問題,無法上網,0.0
1124134,1,網路連線問題,無法上網,0.0
1179611,1,網路連線問題,無法上網,-1.0
1151469,1,網路連線問題,無法上網,-1.0
1250125,2,網路連線問題,Cable modem連線,0.0
846434,1,網路連線問題,Cable modem連線,-1.0
1063481,1,帳務問題,頻寬方案費率,-1.0
1270918,2,經銷商問題,台哥大-電訪約裝,0.0
685444,1,網路連線問題,網路品質,-1.0
1237312,1,網路連線問題,無法上網,0.0
709360,1,網路連線問題,網路品質,-1.0
689141,1,網路連線問題,無法上網,0.0
784536,2,網路連線問題,無法上網,-0.5
1047014,1,網路連線問題,無法上網,0.0
1267228,1,經銷商問題,台哥大-電訪約裝,0.0
1205645,1,網路連線問題,無法上網,0.0
63928,1,網路連線問題,無法上網,0.0
1267494,1,經銷商問題,遠傳電信-電訪約裝,0.0
118197,1,註冊問題,mac 己被註冊,0.0
1268154,2,經銷商問題,遠傳電信-人員進電,0.0
1090545,1,網路連線問題,無法上網,1.0
719155,2,網路連線問題,網路品質,0.0
129182,1,網路連線問題,無法上網,0.0
850138,1,網路連線問題,無法上網,0.0
1118420,1,網路連線問題,網路品質,-1.0
38962,1,網路連線問題,無法上網,0.0
1156829,1,網路連線問題,Cable modem連線,0.0
1114690,1,網路連線問題,網路品質,0.0
1102683,1,網路連線問題,無法上網,0.0
913324,1,網路連線問題,無法上網,0.0
907391,1,網路連線問題,無法上網,0.0
947891,1,網路連線問題,網路品質,0.0
1199761,2,經銷商問題,台哥大-電訪約裝,0.0
1062580,1,網路連線問題,無法上網,-1.0
1015352,1,網路連線問題,無法上網,-1.0
1268768,1,經銷商問題,遠傳電信-電訪約裝,0.0
1268776,2,經銷商問題,台哥大-電訪約裝,0.0
53061,1,帳務相關,拆機挽回,-1.0
122675,1,網路連線問題,無法上網,0.0
1184958,2,網路連線問題,無法上網,-0.5
1241692,2,經銷商問題,台哥大-電訪約裝,-0.5
978760,1,網路連線問題,Cable modem連線,0.0
32579,1,帳務相關,拆機挽回,0.0
1236030,1,網路連線問題,網路品質,0.0
1258489,1,網路連線問題,無法上網,0.0
1042824,1,帳務相關,拆機挽回,-1.0
1270197,1,經銷商問題,台哥大-電訪約裝,0.0
1148983,1,網路連線問題,無法上網,-1.0
1062644,1,網路連線問題,無法上網,0.0
1250570,1,網路連線問題,無法上網,0.0
1271166,1,經銷商問題,遠傳電信-電訪約裝,0.0
1106411,1,網路連線問題,無法上網,0.0
692206,1,網路連線問題,無法上網,0.0
96044,1,網路連線問題,網路品質,-1.0
83646,1,網路連線問題,無法上網,1.0
1268072,1,經銷商問題,台哥大-電訪約裝,0.0
1050943,2,網路連線問題,無法上網,0.0
1247865,2,網路連線問題,固定Ip問題,1.0
864974,1,網路連線問題,無法上網,0.0
1268397,1,經銷商問題,台哥大-電訪約裝,0.0
1237201,1,網路連線問題,Cable modem連線,-1.0
680307,1,網路連線問題,無法上網,-1.0
912080,1,網路連線問題,無法上網,0.0
880222,1,網路連線問題,無法上網,1.0
1205051,1,網路連線問題,無法上網,0.0
693042,1,帳務相關,拆機挽回,0.0
819556,1,網路連線問題,網路品質,1.0
1013684,1,網路連線問題,無法上網,0.0
921623,2,網路連線問題,無法上網,0.0
711708,1,網路連線問題,網路品質,-1.0
953835,3,網路連線問題,無法上網,0.0
47717,1,帳務問題,頻寬方案費率,-1.0
1194613,1,網路連線問題,無法上網,0.0
1271850,1,經銷商問題,遠傳電信-電訪約裝,0.0
1044983,1,網路連線問題,無法上網,0.0
1079465,1,非連線問題,用戶變更基本資料,0.0
1267862,1,經銷商問題,台哥大-電訪約裝,0.0
1198966,1,帳務問題,頻寬方案費率,0.0
1170960,1,經銷商問題,遠傳電信-人員進電,-3.0
999385,2,網路連線問題,Cable modem連線,0.0
1110446,1,網路連線問題,無法上網,-1.0
132830,1,網路連線問題,無法上網,-1.0
730705,2,網路連線問題,無法上網,0.0
923035,2,帳務問題,無法上網,0.0
1218287,1,網路連線問題,網路品質,0.0
1224104,2,經銷商問題,連線其他相關問題,0.5
1119082,1,網路連線問題,無法上網,-1.0
149225,1,網路連線問題,網路品質,-1.0
753149,1,帳務相關,拆機挽回,0.0
62061,1,網路連線問題,無法上網,-1.0
1033919,1,網路連線問題,無法上網,0.0
824991,1,網路連線問題,網路品質,1.0
1136404,1,網路連線問題,無法上網,0.0
723494,1,帳務問題,繳費相關問題,0.0
1269250,1,帳務問題,繳費相關問題,0.0
953881,1,網路連線問題,無法上網,0.0
754340,1,網路連線問題,網路品質,0.0
1101586,2,帳務問題,服務異動,0.0
719174,1,帳務問題,服務異動,0.0
1145652,1,網路連線問題,無法上網,1.0
1267309,1,經銷商問題,台哥大-電訪約裝,0.0
820416,1,網路連線問題,無法上網,-1.0
819712,1,帳務相關,拆機挽回,0.0
1155066,1,網路連線問題,連線其他相關問題,-1.0
75628,1,網路連線問題,無法上網,1.0
838978,1,網路連線問題,無法上網,0.0
817476,1,網路連線問題,無法上網,-1.0
1096304,1,網路連線問題,無法上網,0.0
1158922,1,經銷商問題,台哥大-人員進電,0.0
1249953,2,經銷商問題,遠傳電信-電訪約裝,0.0
1238294,1,網路連線問題,無法上網,0.0
69679,1,網路連線問題,無法上網,0.0
684342,1,帳務問題,服務異動,0.0
732563,1,帳務相關,拆機挽回,0.0
1123366,1,帳務相關,拆機挽回,0.0
808427,1,網路連線問題,Cable modem連線,0.0
1188159,1,經銷商問題,台哥大-電訪約裝,1.0
770568,1,網路連線問題,無法上網,0.0
1022137,1,網路連線問題,無法上網,1.0
8220,2,網路連線問題,Cable modem連線,0.0
991884,1,網路連線問題,無法上網,-1.0
57559,1,帳務問題,繳費相關問題,-1.0
83705,1,帳務相關,拆機挽回,0.0
686204,1,帳務相關,拆機挽回,-1.0
2848,2,帳務相關,拆機挽回,0.0
987545,1,網路連線問題,網路品質,0.0
729693,2,帳務相關,拆機挽回,0.0
1191715,2,帳務問題,用戶變更基本資料,0.0
757937,1,帳務問題,繳費相關問題,0.0
1150041,1,網路連線問題,無法上網,0.0
1017768,1,網路連線問題,網路品質,0.0
950033,1,網路連線問題,無法上網,0.0
1067245,1,網路連線問題,無法上網,0.0
1227438,1,帳務問題,用戶要求優惠,1.0
1151700,1,帳務相關,拆機挽回,-1.0
55910,1,網路連線問題,無法上網,0.0
700356,1,網路連線問題,無法上網,0.0
63857,1,網路連線問題,網路品質,1.0
1272360,1,經銷商問題,台哥大-電訪約裝,0.0
1219927,1,網路連線問題,無法上網,-1.0
883718,1,帳務相關,拆機挽回,0.0
1271203,1,經銷商問題,遠傳電信-電訪約裝,0.0
1199639,1,經銷商問題,台哥大-人員進電,2.0
842914,1,網路連線問題,無法上網,0.0
1086830,1,網路連線問題,無法上網,0.0
1238496,1,網路連線問題,無法上網,0.0
1268235,1,經銷商問題,台哥大-電訪約裝,0.0
87269,1,網路連線問題,連線某些網站問題,-1.0
935282,1,非連線問題,固定Ip問題,0.0
1181158,1,網路連線問題,網路品質,0.0
1267743,1,經銷商問題,遠傳電信-電訪約裝,0.0
696418,1,帳務問題,繳費相關問題,0.0
882853,1,帳務相關,拆機挽回,0.0
835431,1,網路連線問題,無法上網,0.0
77794,1,帳務問題,繳費相關問題,0.0
21684,1,帳務問題,繳費相關問題,0.0
1073901,1,網路連線問題,Cable modem連線,0.0
1174566,1,帳務相關,拆機挽回,0.0
1269812,1,經銷商問題,遠傳電信-電訪約裝,0.0
12402,2,經銷商問題,台哥大-電訪約裝,0.0
728709,1,網路連線問題,Cable modem連線,0.0
1236674,1,帳務問題,頻寬方案費率,0.0
1009622,1,網路連線問題,無法上網,0.0
1026084,1,網路連線問題,網路品質,1.0
21599,1,網路連線問題,網路品質,0.0
32998,1,經銷商問題,台哥大-電訪約裝,1.0
849499,1,網路連線問題,無法上網,0.0
1192926,1,帳務問題,繳費相關問題,0.0
1262799,1,網路連線問題,連線其他相關問題,0.0
1269949,1,經銷商問題,台哥大-電訪約裝,0.0
722623,1,網路連線問題,無法上網,-1.0
1017781,1,網路連線問題,無法上網,0.0
1270762,1,經銷商問題,遠傳電信-電訪約裝,0.0
1183467,1,網路連線問題,無法上網,0.0
1221832,2,經銷商問題,台哥大-電訪約裝,0.0
1268452,1,經銷商問題,台哥大-電訪約裝,0.0
917355,1,帳務問題,用戶要求優惠,0.0
1191123,1,網路連線問題,Cable modem連線,0.0
905603,1,網路連線問題,網路品質,1.0
1104518,1,網路連線問題,無法上網,0.0
729825,1,網路連線問題,無法上網,0.0
826256,1,網路連線問題,Cable modem連線,-1.0
1237242,1,帳務相關,拆機挽回,-1.0
709456,1,帳務相關,拆機挽回,-1.0
816813,1,網路連線問題,無法上網,0.0
1267877,1,經銷商問題,台哥大-電訪約裝,0.0
1113740,2,網路連線問題,無法上網,0.0
965749,1,網路連線問題,無法上網,0.0
1269570,1,經銷商問題,遠傳電信-電訪約裝,0.0
1270534,1,經銷商問題,遠傳電信-電訪約裝,0.0
1146436,1,網路連線問題,網路品質,0.0
1117612,1,帳務問題,繳費相關問題,0.0
132886,1,帳務相關,拆機挽回,-2.0
1230718,1,經銷商問題,遠傳電信-電訪約裝,0.0
1271819,1,經銷商問題,台哥大-電訪約裝,0.0
1086785,1,網路連線問題,無法上網,0.0
1101166,1,網路連線問題,無法上網,0.0
1062761,1,網路連線問題,無法上網,-1.0
1270437,1,經銷商問題,台哥大-電訪約裝,0.0
1152330,1,帳務相關,拆機挽回,0.0
48076,1,帳務相關,拆機挽回,0.0
1263882,1,網路連線問題,無法上網,0.0
1270513,2,經銷商問題,台哥大-電訪約裝,0.0
1270611,1,經銷商問題,遠傳電信-電訪約裝,0.0
1270885,1,網路連線問題,網路品質,-2.0
1014179,1,網路連線問題,網路品質,0.0
1271813,1,經銷商問題,台哥大-電訪約裝,0.0
988709,1,網路連線問題,無法上網,1.0
1084518,1,非連線問題,用戶軟／硬體設備問題,1.0
1072163,1,非連線問題,用戶軟／硬體設備問題,1.0
1158156,1,非連線問題,用戶軟／硬體設備問題,0.0
887053,1,網路連線問題,網路品質,0.0
1045572,1,網路連線問題,無法上網,0.0
1053902,2,網路連線問題,固定Ip問題,0.0
827259,1,網路連線問題,無法上網,0.0
1271844,1,經銷商問題,台哥大-電訪約裝,0.0
1101265,1,網路連線問題,無法上網,-1.0
830634,1,網路連線問題,無法上網,0.0
997302,1,網路連線問題,無法上網,0.0
1173182,1,網路連線問題,連線其他相關問題,0.0
696583,1,網路連線問題,無法上網,-1.0
988717,1,網路連線問題,無法上網,0.0
1042866,1,網路連線問題,無法上網,0.0
994371,1,帳務問題,頻寬方案費率,0.0
1009224,1,網路連線問題,網路品質,0.0
1236078,1,網路連線問題,連線其他相關問題,-1.0
34628,1,網路連線問題,Cable modem連線,0.0
1178373,1,經銷商問題,台哥大-電訪約裝,1.0
1206552,1,經銷商問題,台哥大-電訪約裝,1.0
848258,1,搬家問題,非台數科服務區,0.0
740239,1,網路連線問題,網路品質,0.0
1193926,1,帳務問題,用戶要求優惠,1.0
1269170,1,註冊問題,mac 己被註冊,1.0
939360,1,網路連線問題,無法上網,0.0
1198751,1,經銷商問題,台哥大-電訪約裝,0.0
1270313,1,經銷商問題,遠傳電信-電訪約裝,0.0
103018,1,網路連線問題,無法上網,0.0
1271375,1,經銷商問題,遠傳電信-電訪約裝,0.0
1268726,1,網路連線問題,網路品質,2.0
1046054,1,網路連線問題,連線其他相關問題,0.0
823547,1,網路連線問題,無法上網,0.0
1898,1,經銷商問題,台哥大-電訪約裝,0.0
1156695,1,經銷商問題,台哥大-電訪約裝,0.0
799186,1,網路連線問題,連線其他相關問題,3.0
1145939,2,經銷商問題,台哥大-電訪約裝,0.0
44148,1,網路連線問題,無法上網,0.0
965924,1,網路連線問題,無法上網,0.0
3866,1,網路連線問題,網路品質,0.0
1111877,1,網路連線問題,無法上網,0.0
1244163,1,非連線問題,用戶服務抱怨,-1.0
1267811,2,經銷商問題,台哥大-人員進電,-0.5
1009402,1,網路連線問題,無法上網,1.0
1078982,1,網路連線問題,無法上網,1.0
1223331,1,網路連線問題,無法上網,0.0
684141,1,非連線問題,用戶軟／硬體設備問題,0.0
1236254,1,網路連線問題,無法上網,0.0
699108,1,帳務問題,服務異動,0.0
841413,1,網路連線問題,無法上網,0.0
1271644,1,經銷商問題,台哥大-電訪約裝,0.0
963103,1,帳務相關,拆機挽回,0.0
1272199,1,經銷商問題,台哥大-電訪約裝,0.0
1262580,1,網路連線問題,無法上網,0.0
149660,1,網路連線問題,網路品質,-1.0
98563,1,網路連線問題,無法上網,0.0
1134137,1,網路連線問題,無法上網,0.0
840687,1,網路連線問題,網路品質,0.0
1091322,1,網路連線問題,無法上網,0.0
1135660,1,網路連線問題,無法上網,0.0
1272288,1,經銷商問題,遠傳電信-電訪約裝,0.0
1085670,1,網路連線問題,無法上網,0.0
692700,1,帳務問題,用戶要求優惠,0.0
962398,1,網路連線問題,Cable modem連線,-1.0
1148042,1,網路連線問題,無法上網,-1.0
1127463,1,網路連線問題,無法上網,0.0
1258794,1,網路連線問題,無法上網,-1.0
1271164,1,經銷商問題,台哥大-電訪約裝,0.0
1192613,1,帳務相關,拆機挽回,-1.0
1154950,1,網路連線問題,網路品質,0.0
42889,1,網路連線問題,無法上網,1.0
1144164,1,非連線問題,用戶軟／硬體設備問題,0.0
1130874,1,非連線問題,用戶軟／硬體設備問題,-1.0
1162635,1,網路連線問題,無法上網,0.0
1270412,1,網路連線問題,無法上網,0.0
116746,1,帳務相關,拆機挽回,-1.0
1268332,1,經銷商問題,遠傳電信-電訪約裝,0.0
1219655,1,網路連線問題,無法上網,0.0
1108562,1,網路連線問題,無法上網,0.0
1251168,1,網路連線問題,無法上網,0.0
679290,1,網路連線問題,無法上網,0.0
1265649,1,網路連線問題,無法上網,0.0
932742,1,非連線問題,固定Ip問題,0.0
1054942,1,網路連線問題,無法上網,0.0
147334,1,經銷商問題,台哥大-電訪約裝,0.0
1084840,1,網路連線問題,無法上網,0.0
1271188,1,經銷商問題,遠傳電信-電訪約裝,0.0
697825,1,網路連線問題,無法上網,0.0
1268062,1,經銷商問題,遠傳電信-電訪約裝,0.0
107830,1,網路連線問題,無法上網,-1.0
1269556,1,經銷商問題,遠傳電信-電訪約裝,0.0
1148326,1,帳務問題,繳費相關問題,0.0
1270791,1,經銷商問題,遠傳電信-電訪約裝,0.0
1138540,1,經銷商問題,遠傳電信-人員進電,0.0
1267931,1,經銷商問題,台哥大-電訪約裝,0.0
1271381,1,經銷商問題,遠傳電信-電訪約裝,0.0
1268131,1,經銷商問題,台哥大-電訪約裝,0.0
1268136,1,經銷商問題,台哥大-電訪約裝,0.0
1194006,1,非連線問題,固定Ip問題,0.0
128124,1,經銷商問題,台哥大-電訪約裝,0.0
1235436,1,網路連線問題,無法上網,0.0
138284,1,經銷商問題,台哥大-電訪約裝,0.0
1269416,1,經銷商問題,遠傳電信-電訪約裝,0.0
975749,1,帳務相關,拆機挽回,0.0
896165,1,網路連線問題,無法上網,1.0
1075194,1,帳務相關,拆機挽回,-1.0
1269020,2,經銷商問題,台哥大-電訪約裝,0.5
1269321,1,經銷商問題,台哥大-電訪約裝,0.0
1267703,1,經銷商問題,台哥大-電訪約裝,0.0
1073405,1,網路連線問題,無法上網,-1.0
684035,1,網路連線問題,網路品質,0.0
58421,1,帳務相關,拆機挽回,0.0
1267082,1,網路連線問題,網路品質,-1.0
1270528,1,經銷商問題,遠傳電信-電訪約裝,0.0
1270042,1,網路連線問題,無法上網,0.0
1269596,2,經銷商問題,台哥大-電訪約裝,-0.5
976783,1,帳務問題,服務異動,0.0
767906,1,網路連線問題,連線某些網站問題,0.0
682681,1,網路連線問題,無法上網,0.0
1176669,1,網路連線問題,連線其他相關問題,-1.0
1155522,1,帳務問題,繳費相關問題,0.0
747438,1,帳務問題,服務異動,0.0
686771,1,網路連線問題,無法上網,-1.0
120374,1,經銷商問題,台哥大-電訪約裝,0.0
1159037,1,帳務相關,拆機挽回,-1.0
706284,1,網路連線問題,連線其他相關問題,1.0
703482,1,網路連線問題,無法上網,-1.0
734952,1,帳務問題,用戶退租,0.0
1134243,1,網路連線問題,無法上網,0.0
1254614,1,帳務相關,拆機挽回,-1.0
139548,1,網路連線問題,無法上網,0.0
1269174,1,經銷商問題,台哥大-電訪約裝,0.0
1266213,1,網路連線問題,無法上網,0.0
828069,1,帳務相關,拆機挽回,0.0
751375,1,帳務相關,拆機挽回,0.0
1161535,1,經銷商問題,台哥大-電訪約裝,1.0
865471,1,網路連線問題,網路品質,0.0
1198335,1,網路連線問題,網路品質,0.0
1207313,1,網路連線問題,無法上網,-1.0
1171398,1,網路連線問題,無法上網,1.0
689412,1,非連線問題,固定Ip問題,0.0
952432,1,網路連線問題,無法上網,0.0
148132,2,帳務相關,拆機挽回,-0.5
1169315,1,經銷商問題,台哥大-電訪約裝,0.0
81643,1,網路連線問題,無法上網,0.0
143343,1,帳務相關,拆機挽回,-1.0
1145930,1,經銷商問題,台哥大-電訪約裝,0.0
693727,1,帳務問題,繳費相關問題,0.0
1269575,1,經銷商問題,遠傳電信-電訪約裝,0.0
1268548,1,經銷商問題,遠傳電信-電訪約裝,0.0
1195109,1,經銷商問題,台哥大-電訪約裝,1.0
1238203,1,帳務問題,繳費相關問題,0.0
1190867,1,帳務相關,拆機挽回,0.0
1046083,1,網路連線問題,無法上網,0.0
1077850,1,網路連線問題,無法上網,0.0
788363,1,網路連線問題,無法上網,-1.0
1143084,1,帳務相關,拆機挽回,-1.0
1063651,1,網路連線問題,無法上網,0.0
899207,1,網路連線問題,無法上網,0.0
1270750,1,帳務問題,頻寬方案費率,0.0
1056494,1,網路連線問題,網路品質,0.0
875367,1,網路連線問題,網路品質,0.0
1251170,1,網路連線問題,連線其他相關問題,1.0
1271335,1,經銷商問題,遠傳電信-電訪約裝,0.0
16583,1,帳務問題,繳費相關問題,0.0
1224270,1,網路連線問題,網路品質,0.0
815367,1,網路連線問題,無法上網,0.0
712180,1,網路連線問題,無法上網,0.0
1239895,1,經銷商問題,遠傳電信-電訪約裝,0.0
1183768,1,網路連線問題,無法上網,-1.0
1271015,1,經銷商問題,遠傳電信-電訪約裝,0.0
1176897,1,網路連線問題,無法上網,0.0
42616,1,網路連線問題,Cable modem連線,-1.0
1251322,1,網路連線問題,無法上網,1.0
682018,1,網路連線問題,無法上網,0.0
1151949,1,帳務相關,拆機挽回,0.0
836576,1,帳務問題,頻寬方案費率,0.0
1232810,1,帳務相關,拆機挽回,0.0
72882,1,網路連線問題,網路品質,0.0
1271234,1,經銷商問題,台哥大-電訪約裝,0.0
1269101,1,經銷商問題,台哥大-電訪約裝,0.0
1270931,1,經銷商問題,台哥大-電訪約裝,0.0
691647,1,網路連線問題,網路品質,0.0
68392,1,帳務相關,拆機挽回,-1.0
1099133,1,帳務問題,繳費相關問題,-2.0
1270541,1,經銷商問題,台哥大-電訪約裝,1.0
1258860,1,網路連線問題,無法上網,0.0
1152716,1,網路連線問題,無法上網,0.0
834055,1,帳務問題,繳費相關問題,0.0
1074704,1,帳務問題,用戶退租,0.0
713935,1,網路連線問題,網路品質,0.0
120657,1,網路連線問題,Cable modem連線,0.0
1260080,1,網路連線問題,網路品質,0.0
1203140,1,經銷商問題,台哥大-電訪約裝,0.0
850642,1,網路連線問題,網路品質,1.0
851016,1,非連線問題,用戶服務抱怨,0.0
1272430,1,經銷商問題,遠傳電信-電訪約裝,0.0
146735,1,帳務相關,拆機挽回,0.0
