客編,30天內,60天內,90天內,90天以上,平均等待天數,平均繳款延遲日數,產品名稱,paytype_1,paytype_3,paytype_6,paytype_12,paytype_15,paytype_99,product_0,product_1,paymethod_CVS臨櫃代收(7-11),paymethod_信用卡扣款,paymethod_其他繳款方式,paymethod_廠商代收,paymethod_簡訊帳單臨櫃代收(7-11),paymethod_金融機構轉帳
1167310,1,0,0,0,0.0,67.33333333333333,CM,1,0,0,0,0,0,1,0,0,0,0,1,0,0
901684,1,0,0,0,9.0,2.0,EPON,0,0,0,1,0,0,0,1,1,0,0,0,0,0
1170176,1,0,0,0,0.0,50.333333333333336,EPON,1,0,0,0,0,0,0,1,0,0,0,1,0,0
1246251,1,0,0,0,0.0,12.5,CM,1,0,0,0,0,0,1,0,0,0,0,0,1,0
1185914,1,0,0,0,0.0,57.333333333333336,EPON,1,0,0,0,0,0,0,1,0,0,0,1,0,0
1176251,1,0,0,0,0.0,57.333333333333336,CM,1,0,0,0,0,0,1,0,0,0,0,1,0,0
966707,1,0,0,0,0.0,-38.0,EPON,0,0,1,0,0,0,0,1,1,0,0,0,0,0
1218428,1,0,0,0,0.0,69.33333333333333,EPON,1,0,0,0,0,0,0,1,0,0,0,1,0,0
1169905,1,0,0,0,0.0,-15.0,EPON,0,0,1,0,0,0,0,1,0,0,0,0,1,0
1242309,1,0,0,0,0.0,54.333333333333336,EPON,1,0,0,0,0,0,0,1,0,0,0,1,0,0
1170399,1,0,0,0,0.0,67.33333333333333,EPON,1,0,0,0,0,0,0,1,0,0,0,1,0,0
1155335,1,0,0,0,0.0,72.33333333333333,CM,1,0,0,0,0,0,1,0,0,0,0,1,0,0
731113,1,0,0,0,0.0,-28.0,EPON,0,0,0,1,0,0,0,1,1,0,0,0,0,0
135870,1,0,0,0,0.0,-6.0,EPON,0,0,1,0,0,0,0,1,0,0,0,0,1,0
833126,2,0,0,0,0.0,-4.0,EPON,0,0,0,1,0,0,0,1,1,0,0,0,0,0
120877,1,0,0,0,0.0,27.25,EPON,1,0,0,0,0,0,0,1,0,0,0,0,1,0
1264454,1,0,0,0,0.0,61.5,EPON,1,0,0,0,0,0,0,1,0,0,0,1,0,0
1180716,1,0,0,0,0.0,64.33333333333333,CM,1,0,0,0,0,0,1,0,0,0,0,1,0,0
854596,1,0,0,0,0.0,62.0,EPON,0,0,1,0,0,0,0,1,0,0,1,0,0,0
1195781,1,0,0,0,0.0,72.33333333333333,EPON,1,0,0,0,0,0,0,1,0,0,0,1,0,0
1265278,1,0,0,0,0.0,50.0,CM,1,0,0,0,0,0,1,0,0,0,0,1,0,0
1138782,1,0,0,0,0.0,67.33333333333333,CM,1,0,0,0,0,0,1,0,0,0,0,1,0,0
1170430,1,0,0,0,0.0,6.0,EPON,0,0,1,0,0,0,0,1,0,0,0,0,1,0
1241476,1,0,0,0,0.0,77.66666666666667,EPON,1,0,0,0,0,0,0,1,0,0,0,1,0,0
1205107,2,0,0,0,0.0,3.0,EPON,0,0,0,0,1,0,0,1,0,0,0,0,1,0
1148695,1,0,0,0,0.0,59.333333333333336,EPON,1,0,0,0,0,0,0,1,0,0,0,1,0,0
54643,1,0,0,0,0.0,-14.0,EPON,0,0,1,0,0,0,0,1,1,0,0,0,0,0
1094745,1,0,0,0,0.0,-25.0,EPON,0,0,1,0,0,0,0,1,1,0,0,0,0,0
1167870,1,0,0,0,0.0,55.333333333333336,EPON,1,0,0,0,0,0,0,1,0,0,0,1,0,0
1231424,1,0,0,0,0.0,57.333333333333336,CM,1,0,0,0,0,0,1,0,0,0,0,1,0,0
1228433,1,0,0,0,0.0,7.0,EPON,0,0,0,1,0,0,0,1,1,0,0,0,0,0
830178,1,0,0,0,0.0,-5.0,CM,0,0,1,0,0,0,1,0,0,0,0,0,1,0
1237189,1,0,0,0,0.0,79.66666666666667,EPON,1,0,0,0,0,0,0,1,0,0,0,1,0,0
84332,1,0,0,0,0.0,1.0,CM,0,0,1,0,0,0,1,0,1,0,0,0,0,0
892045,1,0,0,0,-1.0,-12.0,EPON,0,0,1,0,0,0,0,1,0,0,0,0,1,0
707978,1,0,0,0,0.0,12.0,CM,0,0,1,0,0,0,1,0,0,0,0,0,1,0
1251228,1,0,0,0,0.0,50.333333333333336,EPON,1,0,0,0,0,0,0,1,0,0,0,1,0,0
725068,1,0,0,0,0.0,-15.0,CM,0,0,0,1,0,0,1,0,1,0,0,0,0,0
1047436,2,1,0,0,1.0,-16.0,CM,0,0,1,0,0,0,1,0,1,0,0,0,0,0
140412,1,0,0,0,0.0,-11.0,EPON,0,0,1,0,0,0,0,1,1,0,0,0,0,0
1264743,1,0,0,0,0.0,63.0,EPON,1,0,0,0,0,0,0,1,0,0,0,1,0,0
1174077,1,0,0,0,0.0,69.33333333333333,EPON,1,0,0,0,0,0,0,1,0,0,0,1,0,0
1154898,1,0,0,0,0.0,57.333333333333336,EPON,1,0,0,0,0,0,0,1,0,0,0,1,0,0
1246818,1,0,0,0,0.0,62.66666666666666,EPON,1,0,0,0,0,0,0,1,0,0,0,1,0,0
971962,1,0,0,0,0.0,-23.0,EPON,0,0,0,1,0,0,0,1,0,0,0,0,1,0
678951,1,0,0,0,0.0,25.0,EPON,0,0,1,0,0,0,0,1,0,0,0,0,1,0
1238343,1,0,0,0,0.0,-17.0,EPON,0,0,1,0,0,0,0,1,0,0,0,0,1,0
1181170,1,0,0,0,0.0,50.333333333333336,EPON,1,0,0,0,0,0,0,1,0,0,0,1,0,0
741192,1,0,0,0,0.0,52.333333333333336,EPON,1,0,0,0,0,0,0,1,0,0,0,1,0,0
1148927,1,0,0,0,0.0,52.333333333333336,CM,1,0,0,0,0,0,1,0,0,0,0,1,0,0
1217742,1,0,0,0,0.0,68.66666666666667,EPON,1,0,0,0,0,0,0,1,0,0,0,1,0,0
1123157,1,0,0,0,0.0,-25.0,EPON,0,0,0,1,0,0,0,1,1,0,0,0,0,0
681681,1,0,0,0,0.0,-15.0,EPON,0,0,0,1,0,0,0,1,1,0,0,0,0,0
1157687,1,0,0,0,0.0,0.0,EPON,1,0,0,0,0,0,0,1,0,0,1,0,0,0
1037432,1,0,1,0,0.0,74.33333333333333,EPON,1,0,0,0,0,0,0,1,0,0,0,1,0,0
1212572,1,0,0,0,0.0,72.33333333333333,EPON,1,0,0,0,0,0,0,1,0,0,0,1,0,0
1252905,1,0,0,0,0.0,52.333333333333336,EPON,1,0,0,0,0,0,0,1,0,0,0,1,0,0
1045981,1,0,0,0,0.0,71.66666666666667,EPON,1,0,0,0,0,0,0,1,0,0,0,1,0,0
46377,1,0,0,0,0.0,-22.0,EPON,0,0,0,1,0,0,0,1,1,0,0,0,0,0
750398,1,0,0,0,0.0,59.333333333333336,EPON,1,0,0,0,0,0,0,1,0,0,0,1,0,0
1263640,2,1,0,0,0.0,48.66666666666666,EPON,1,0,0,0,0,0,0,1,0,0,0,1,0,0
76669,2,0,0,0,0.0,-4.0,CM,0,0,1,0,0,0,1,0,1,0,0,0,0,0
1194521,1,0,0,0,0.0,-20.0,EPON,0,0,1,0,0,0,0,1,0,0,0,0,1,0
1172497,1,0,0,0,0.0,69.33333333333333,EPON,1,0,0,0,0,0,0,1,0,0,0,1,0,0
42561,1,0,0,0,0.0,77.66666666666667,EPON,1,0,0,0,0,0,0,1,0,0,0,1,0,0
1170963,1,0,0,0,0.0,64.33333333333333,EPON,1,0,0,0,0,0,0,1,0,0,0,1,0,0
1081759,1,0,0,0,0.0,67.33333333333333,CM,1,0,0,0,0,0,1,0,0,0,0,1,0,0
1263805,1,0,0,0,0.0,64.0,CM,1,0,0,0,0,0,1,0,0,0,0,1,0,0
1215322,1,0,0,0,0.0,65.33333333333333,EPON,1,0,0,0,0,0,0,1,0,0,0,1,0,0
1227754,1,0,0,0,0.0,69.33333333333333,EPON,1,0,0,0,0,0,0,1,0,0,0,1,0,0
1215905,1,0,0,0,0.0,9.0,CM,0,0,1,0,0,0,1,0,0,0,0,0,1,0
879602,1,0,0,0,0.0,-25.0,CM,0,0,1,0,0,0,1,0,0,0,0,0,1,0
1157522,1,0,0,0,0.0,65.33333333333333,EPON,1,0,0,0,0,0,0,1,0,0,0,1,0,0
682654,1,0,0,0,0.0,-19.0,EPON,1,0,0,0,0,0,0,1,0,0,0,0,1,0
1143530,1,0,0,0,0.0,74.33333333333333,EPON,1,0,0,0,0,0,0,1,0,0,0,1,0,0
1151447,2,0,0,0,0.0,57.333333333333336,EPON,1,0,0,0,0,0,0,1,0,0,0,1,0,0
1253722,1,0,0,0,0.0,75.33333333333333,CM,1,0,0,0,0,0,1,0,0,0,0,1,0,0
687810,1,0,0,0,0.0,-10.0,EPON,0,0,0,1,0,0,0,1,1,0,0,0,0,0
1248600,1,0,0,0,0.0,71.33333333333333,EPON,1,0,0,0,0,0,0,1,0,0,0,1,0,0
890361,1,0,0,0,12.0,-4.0,CM,0,0,1,0,0,0,1,0,1,0,0,0,0,0
43262,1,0,0,0,0.0,18.0,CM,0,0,1,0,0,0,1,0,1,0,0,0,0,0
730489,1,0,0,0,0.0,4.5,EPON,1,0,0,0,0,0,0,1,1,0,0,0,0,0
1216259,1,0,0,0,0.0,57.333333333333336,EPON,1,0,0,0,0,0,0,1,0,0,0,1,0,0
1264815,1,0,0,0,0.0,51.0,EPON,1,0,0,0,0,0,0,1,0,0,0,1,0,0
1255618,1,0,0,0,0.0,50.333333333333336,EPON,1,0,0,0,0,0,0,1,0,0,0,1,0,0
1143543,1,0,0,0,0.0,-8.0,EPON,0,0,1,0,0,0,0,1,1,0,0,0,0,0
1236384,1,0,0,0,0.0,74.33333333333333,EPON,1,0,0,0,0,0,0,1,0,0,0,1,0,0
1030560,1,0,0,0,0.0,-27.0,CM,0,0,0,1,0,0,1,0,1,0,0,0,0,0
885068,2,0,0,0,0.0,25.0,CM,0,0,0,1,0,0,1,0,0,0,0,0,1,0
1190833,1,0,0,0,0.0,67.33333333333333,EPON,1,0,0,0,0,0,0,1,0,0,0,1,0,0
1158428,1,0,0,0,0.0,64.33333333333333,EPON,1,0,0,0,0,0,0,1,0,0,0,1,0,0
1215011,1,0,0,0,0.0,50.333333333333336,EPON,1,0,0,0,0,0,0,1,0,0,0,1,0,0
1190311,1,0,0,0,0.0,59.333333333333336,EPON,1,0,0,0,0,0,0,1,0,0,0,1,0,0
1153329,1,0,0,0,0.0,10.0,EPON,0,0,0,1,0,0,0,1,0,0,0,0,1,0
1259720,1,0,0,0,0.0,77.33333333333333,EPON,1,0,0,0,0,0,0,1,0,0,0,1,0,0
41614,1,0,0,0,6.0,-20.0,CM,0,0,1,0,0,0,1,0,1,0,0,0,0,0
1234078,1,0,0,0,0.0,-36.0,EPON,0,0,0,1,0,0,0,1,1,0,0,0,0,0
1171331,1,0,0,0,0.0,65.33333333333333,CM,1,0,0,0,0,0,1,0,0,0,0,1,0,0
1265962,1,0,0,0,0.0,1.0,EPON,0,0,1,0,0,0,0,1,1,0,0,0,0,0
92106,1,0,0,0,-1.0,-26.0,CM,0,0,1,0,0,0,1,0,0,0,0,0,1,0
39412,1,0,0,0,0.0,16.0,CM,0,0,1,0,0,0,1,0,0,0,0,0,1,0
1246076,1,0,0,0,0.0,65.66666666666667,EPON,1,0,0,0,0,0,0,1,0,0,0,1,0,0
903532,2,0,0,0,3.5,28.5,EPON,1,0,0,0,0,0,0,1,0,0,0,0,1,0
1089855,1,0,0,0,0.0,-5.0,EPON,0,1,0,0,0,0,0,1,1,0,0,0,0,0
1259825,2,0,0,0,1.5,57.333333333333336,EPON,1,0,0,0,0,0,0,1,0,0,0,1,0,0
708798,2,0,1,0,4.333333333333333,-6.5,CM,0,0,0,0,1,0,1,0,1,0,0,0,0,0
1265952,1,0,0,0,0.0,1.0,EPON,0,0,0,1,0,0,0,1,1,0,0,0,0,0
1260718,1,0,1,0,4.5,59.66666666666666,CM,1,0,0,0,0,0,1,0,0,0,0,1,0,0
839110,1,0,0,0,0.0,18.0,EPON,1,0,0,0,0,0,0,1,0,0,1,0,0,0
928335,1,0,0,0,0.0,21.0,EPON,0,0,0,1,0,0,0,1,0,0,0,0,1,0
1257051,1,0,0,0,0.0,55.66666666666666,EPON,1,0,0,0,0,0,0,1,0,0,0,1,0,0
1167369,1,1,0,0,0.0,1.0,EPON,0,0,0,1,0,0,0,1,1,0,0,0,0,0
1230226,1,0,0,0,0.0,71.66666666666667,EPON,1,0,0,0,0,0,0,1,0,0,0,1,0,0
1159188,1,0,0,0,0.0,67.33333333333333,EPON,1,0,0,0,0,0,0,1,0,0,0,1,0,0
731781,1,0,0,0,0.0,-15.0,CM,0,0,1,0,0,0,1,0,0,0,0,0,1,0
1145502,1,0,0,0,0.0,71.33333333333333,EPON,1,0,0,0,0,0,0,1,0,0,0,1,0,0
1234929,1,0,0,0,0.0,60.333333333333336,EPON,1,0,0,0,0,0,0,1,0,0,0,1,0,0
683654,1,0,0,0,0.0,-15.0,CM,0,0,1,0,0,0,1,0,1,0,0,0,0,0
1086289,1,0,0,0,0.0,4.0,EPON,0,0,0,1,0,0,0,1,0,0,1,0,0,0
992370,1,0,0,0,0.0,1.0,CM,0,0,1,0,0,0,1,0,1,0,0,0,0,0
1127402,1,0,0,0,0.0,-16.0,EPON,0,0,1,0,0,0,0,1,0,0,0,0,1,0
1144639,1,0,0,0,-1.0,52.333333333333336,EPON,1,0,0,0,0,0,0,1,0,0,0,1,0,0
1243659,1,0,0,0,6.0,71.33333333333333,EPON,1,0,0,0,0,0,0,1,0,0,0,1,0,0
1221536,1,0,1,0,0.0,75.33333333333333,EPON,1,0,0,0,0,0,0,1,0,0,0,1,0,0
839109,1,0,0,0,0.0,18.0,EPON,1,0,0,0,0,0,0,1,0,0,1,0,0,0
1192161,1,0,0,0,0.0,60.333333333333336,EPON,1,0,0,0,0,0,0,1,0,0,0,1,0,0
148029,1,0,0,0,0.0,6.0,CM,0,0,1,0,0,0,1,0,0,1,0,0,0,0
1233784,1,0,0,0,0.0,62.66666666666666,EPON,1,0,0,0,0,0,0,1,0,0,0,1,0,0
1186329,1,0,0,0,0.0,67.33333333333333,EPON,1,0,0,0,0,0,0,1,0,0,0,1,0,0
996493,1,0,0,0,0.0,55.333333333333336,EPON,1,0,0,0,0,0,0,1,0,0,0,1,0,0
1154816,1,0,0,0,0.0,69.33333333333333,EPON,1,0,0,0,0,0,0,1,0,0,0,1,0,0
1156604,1,0,0,0,0.0,62.333333333333336,EPON,1,0,0,0,0,0,0,1,0,0,0,1,0,0
1170937,1,0,0,0,0.0,60.333333333333336,EPON,1,0,0,0,0,0,0,1,0,0,0,1,0,0
1156307,1,0,0,0,1.0,60.333333333333336,CM,1,0,0,0,0,0,1,0,0,0,0,1,0,0
855551,1,0,0,0,9.0,-5.0,EPON,0,0,0,1,0,0,0,1,1,0,0,0,0,0
16315,1,0,0,0,0.0,-8.0,EPON,0,1,0,0,0,0,0,1,1,0,0,0,0,0
1236084,1,0,0,0,0.0,79.66666666666667,EPON,1,0,0,0,0,0,0,1,0,0,0,1,0,0
728762,1,0,0,0,0.0,21.0,EPON,0,0,1,0,0,0,0,1,0,0,0,0,1,0
709194,1,0,0,0,0.0,-10.0,CM,0,0,0,1,0,0,1,0,1,0,0,0,0,0
1050806,1,0,0,0,0.0,-37.0,CM,0,0,1,0,0,0,1,0,1,0,0,0,0,0
1189040,1,0,0,0,0.0,52.333333333333336,EPON,1,0,0,0,0,0,0,1,0,0,0,1,0,0
1238555,1,0,0,0,0.0,77.66666666666667,EPON,1,0,0,0,0,0,0,1,0,0,0,1,0,0
1150041,1,0,0,0,0.0,75.33333333333333,EPON,1,0,0,0,0,0,0,1,0,0,0,1,0,0
947504,1,0,0,0,0.0,3.0,EPON,0,0,1,0,0,0,0,1,0,0,0,0,1,0
1139723,1,0,0,0,0.0,72.33333333333333,CM,1,0,0,0,0,0,1,0,0,0,0,1,0,0
1198923,1,0,0,0,7.0,67.33333333333333,EPON,1,0,0,0,0,0,0,1,0,0,0,1,0,0
1139884,1,0,0,0,0.0,75.33333333333333,EPON,1,0,0,0,0,0,0,1,0,0,0,1,0,0
1237960,2,0,0,0,0.0,79.66666666666667,EPON,1,0,0,0,0,0,0,1,0,0,0,1,0,0
22176,1,0,0,0,10.0,-6.666666666666667,CM,1,0,0,0,0,0,1,0,1,0,0,0,0,0
1126834,2,0,0,0,0.0,75.33333333333333,EPON,1,0,0,0,0,0,0,1,0,0,0,1,0,0
704806,1,0,0,0,0.0,11.0,EPON,0,0,1,0,0,0,0,1,0,0,0,0,1,0
1265853,2,0,0,0,0.0,43.0,EPON,1,0,0,0,0,0,0,1,0,0,0,1,0,0
1259005,2,0,0,0,3.0,65.66666666666667,EPON,1,0,0,0,0,0,0,1,0,0,0,1,0,0
1135738,1,0,0,0,0.0,52.333333333333336,EPON,1,0,0,0,0,0,0,1,0,0,0,1,0,0
851291,1,0,0,0,0.0,6.0,EPON,1,0,0,0,0,0,0,1,0,0,0,0,1,0
1156671,1,0,0,0,0.0,72.33333333333333,CM,1,0,0,0,0,0,1,0,0,0,0,1,0,0
1172049,1,0,0,0,4.0,75.33333333333333,CM,1,0,0,0,0,0,1,0,0,0,0,1,0,0
843284,1,0,0,0,0.0,11.0,CM,0,0,0,1,0,0,1,0,0,0,0,0,1,0
711780,1,0,0,0,0.0,-11.0,CM,1,0,0,0,0,0,1,0,1,0,0,0,0,0
1266721,1,0,0,0,0.0,52.0,EPON,1,0,0,0,0,0,0,1,0,0,0,1,0,0
35848,1,0,0,0,0.0,57.333333333333336,CM,1,0,0,0,0,0,1,0,0,0,0,1,0,0
854060,1,0,0,0,0.0,-8.0,CM,0,0,0,1,0,0,1,0,1,0,0,0,0,0
1256519,1,0,0,0,0.0,48.333333333333336,EPON,1,0,0,0,0,0,0,1,0,0,0,1,0,0
1241692,1,0,0,0,0.0,57.333333333333336,CM,1,0,0,0,0,0,1,0,0,0,0,1,0,0
131990,1,1,1,0,3.0,5.0,,0,0,1,0,0,0,0,0,1,0,0,0,0,0
1266139,1,0,0,0,0.0,1.0,EPON,0,0,0,1,0,0,0,1,1,0,0,0,0,0
1162828,1,0,0,0,0.0,71.33333333333333,EPON,1,0,0,0,0,0,0,1,0,0,0,1,0,0
1219921,1,0,0,0,0.0,50.333333333333336,CM,1,0,0,0,0,0,1,0,0,0,0,1,0,0
1239149,1,0,0,0,0.0,62.66666666666666,EPON,1,0,0,0,0,0,0,1,0,0,0,1,0,0
1266101,1,1,0,0,0.0,4.0,EPON,0,0,0,0,0,1,0,1,1,0,0,0,0,0
978737,1,0,0,0,-1.0,-23.0,EPON,0,0,1,0,0,0,0,1,0,0,0,0,1,0
1083092,1,0,0,0,0.0,-25.0,EPON,0,0,1,0,0,0,0,1,1,0,0,0,0,0
736659,1,0,0,0,0.0,-31.0,EPON,0,0,0,1,0,0,0,1,1,0,0,0,0,0
1176395,2,0,0,0,0.0,65.33333333333333,CM,1,0,0,0,0,0,1,0,0,0,0,1,0,0
144022,1,0,0,0,0.0,-44.0,CM,0,0,1,0,0,0,1,0,0,0,0,0,1,0
728709,1,0,0,0,0.0,-5.0,CM,0,0,1,0,0,0,1,0,1,0,0,0,0,0
1191099,1,0,0,0,0.0,48.333333333333336,CM,1,0,0,0,0,0,1,0,0,0,0,1,0,0
1143450,1,0,0,0,0.0,-30.0,EPON,0,0,1,0,0,0,0,1,0,0,0,0,1,0
1144538,2,0,0,0,0.0,55.333333333333336,EPON,1,0,0,0,0,0,0,1,0,0,0,1,0,0
133881,1,0,0,0,0.0,64.33333333333333,EPON,1,0,0,0,0,0,0,1,0,0,0,1,0,0
1139267,1,0,0,0,0.0,60.333333333333336,EPON,1,0,0,0,0,0,0,1,0,0,0,1,0,0
1230999,2,0,0,0,0.0,55.333333333333336,CM,1,0,0,0,0,0,1,0,0,0,0,1,0,0
1053856,1,0,0,0,0.0,-8.0,CM,0,0,0,1,0,0,1,0,1,0,0,0,0,0
721439,2,0,0,0,0.0,9.0,CM,0,0,1,0,0,0,1,0,0,0,0,0,1,0
692087,1,0,0,0,0.0,-22.0,EPON,0,0,1,0,0,0,0,1,1,0,0,0,0,0
1144033,1,0,0,0,0.0,64.33333333333333,EPON,1,0,0,0,0,0,0,1,0,0,0,1,0,0
706284,1,0,0,0,0.0,1.0,EPON,0,0,1,0,0,0,0,1,1,0,0,0,0,0
1180209,1,0,0,0,0.0,75.33333333333333,EPON,1,0,0,0,0,0,0,1,0,0,0,1,0,0
1094735,1,0,0,0,0.0,-8.0,CM,0,0,1,0,0,0,1,0,1,0,0,0,0,0
1201116,1,0,0,0,0.0,50.333333333333336,CM,1,0,0,0,0,0,1,0,0,0,0,1,0,0
825760,1,0,0,0,7.0,-7.0,EPON,0,0,1,0,0,0,0,1,1,0,0,0,0,0
1062580,1,0,0,0,0.0,15.0,EPON,0,0,1,0,0,0,0,1,0,0,0,0,1,0
1047605,2,0,0,0,4.0,-1.0,EPON,1,0,0,0,0,0,0,1,1,0,0,0,0,0
1265568,2,0,0,0,1.5,64.0,EPON,1,0,0,0,0,0,0,1,0,0,0,1,0,0
708737,2,0,0,0,0.0,-3.0,EPON,0,0,0,1,0,0,0,1,1,0,0,0,0,0
133712,1,0,0,0,0.0,-20.0,EPON,0,0,0,1,0,0,0,1,1,0,0,0,0,0
100734,1,0,0,0,0.0,-14.0,EPON,0,0,1,0,0,0,0,1,1,0,0,0,0,0
709360,1,0,0,0,-1.0,-9.0,CM,0,0,1,0,0,0,1,0,1,0,0,0,0,0
836286,1,0,0,0,1.0,-3.0,CM,0,0,0,1,0,0,1,0,1,0,0,0,0,0
815593,1,0,0,0,0.0,-2.0,CM,0,0,0,1,0,0,1,0,1,0,0,0,0,0
1259718,4,0,0,0,1.0,51.333333333333336,EPON,0,0,0,1,0,0,0,1,0,0,0,1,0,0
1175536,1,0,0,0,7.0,67.33333333333333,EPON,1,0,0,0,0,0,0,1,0,0,0,1,0,0
1114344,1,0,0,0,0.0,-9.0,EPON,0,0,1,0,0,0,0,1,0,1,0,0,0,0
1192396,1,0,0,0,0.0,70.33333333333333,CM,1,0,0,0,0,0,1,0,0,0,0,1,0,0
69679,1,0,0,0,0.0,22.0,EPON,0,0,1,0,0,0,0,1,0,0,0,0,1,0
1256402,1,0,0,0,0.0,79.66666666666667,EPON,1,0,0,0,0,0,0,1,0,0,0,1,0,0
928329,1,0,0,0,4.0,62.333333333333336,CM,1,0,0,0,0,0,1,0,0,0,0,1,0,0
1249346,1,0,0,0,0.0,59.66666666666666,EPON,1,0,0,0,0,0,0,1,0,0,0,1,0,0
1207313,1,0,0,0,0.0,67.33333333333333,CM,1,0,0,0,0,0,1,0,0,0,0,1,0,0
1045070,1,0,0,0,0.0,-2.0,EPON,0,0,0,1,0,0,0,1,1,0,0,0,0,0
1169887,1,0,0,0,0.0,74.33333333333333,EPON,1,0,0,0,0,0,0,1,0,0,0,1,0,0
697825,1,0,0,0,0.0,-5.0,EPON,0,0,1,0,0,0,0,1,1,0,0,0,0,0
1254601,1,0,0,0,0.0,65.66666666666667,EPON,1,0,0,0,0,0,0,1,0,0,0,1,0,0
685728,1,0,0,0,0.0,-35.0,CM,0,0,1,0,0,0,1,0,1,0,0,0,0,0
1263441,1,0,0,0,0.0,65.5,EPON,1,0,0,0,0,0,0,1,0,0,0,1,0,0
708585,2,0,0,0,0.0,2.0,EPON,0,0,1,0,0,0,0,1,1,0,0,0,0,0
752975,1,0,0,0,0.0,-61.0,EPON,0,0,1,0,0,0,0,1,0,0,0,0,1,0
119061,1,0,0,0,0.0,59.333333333333336,EPON,1,0,0,0,0,0,0,1,0,0,0,1,0,0
1133661,1,0,0,0,0.0,-6.0,CM,0,0,1,0,0,0,1,0,0,0,0,0,1,0
1266602,1,0,0,0,0.0,47.0,CM,1,0,0,0,0,0,1,0,0,0,0,1,0,0
1220696,1,0,0,0,0.0,62.66666666666666,EPON,1,0,0,0,0,0,0,1,0,0,0,1,0,0
147157,1,0,0,0,0.0,0.0,EPON,0,0,1,0,0,0,0,1,1,0,0,0,0,0
683844,1,0,0,0,0.0,-12.0,EPON,0,0,1,0,0,0,0,1,1,0,0,0,0,0
1111123,1,0,0,0,0.0,39.0,EPON,0,0,0,1,0,0,0,1,1,0,0,0,0,0
1147516,1,0,0,0,0.0,60.333333333333336,CM,1,0,0,0,0,0,1,0,0,0,0,1,0,0
991884,1,0,0,0,0.0,60.333333333333336,CM,1,0,0,0,0,0,1,0,0,0,0,1,0,0
712312,1,0,0,0,0.0,1.0,EPON,0,0,0,1,0,0,0,1,0,0,0,0,1,0
880222,1,0,0,0,0.0,-31.0,CM,0,0,0,1,0,0,1,0,1,0,0,0,0,0
720668,1,0,0,0,0.0,0.0,EPON,0,1,0,0,0,0,0,1,0,0,1,0,0,0
1232713,1,0,0,0,0.0,3.0,EPON,0,0,0,1,0,0,0,1,0,0,0,0,1,0
106500,2,0,0,0,0.0,-41.0,CM,0,1,0,0,0,0,1,0,0,0,0,0,1,0
1262656,1,0,0,0,0.0,48.66666666666666,EPON,1,0,0,0,0,0,0,1,0,0,0,1,0,0
1249837,1,0,0,0,0.0,81.66666666666667,CM,1,0,0,0,0,0,1,0,0,0,0,1,0,0
1218287,1,0,0,0,0.0,71.66666666666667,EPON,1,0,0,0,0,0,0,1,0,0,0,1,0,0
1245426,1,0,0,0,0.0,77.66666666666667,CM,1,0,0,0,0,0,1,0,0,0,0,1,0,0
1224104,1,0,0,0,0.0,55.66666666666666,CM,1,0,0,0,0,0,1,0,0,0,0,1,0,0
694669,1,0,0,0,0.0,3.0,EPON,0,0,0,1,0,0,0,1,1,0,0,0,0,0
1255953,2,1,0,0,0.0,55.333333333333336,EPON,1,0,0,0,0,0,0,1,0,0,0,1,0,0
1061405,1,0,0,0,-1.0,-26.0,EPON,0,0,1,0,0,0,0,1,0,0,0,0,1,0
1255633,1,0,0,0,0.0,50.333333333333336,EPON,1,0,0,0,0,0,0,1,0,0,0,1,0,0
1144118,1,0,0,0,0.0,59.333333333333336,EPON,1,0,0,0,0,0,0,1,0,0,0,1,0,0
890593,1,0,0,0,0.0,24.0,CM,0,0,0,1,0,0,1,0,0,0,0,0,1,0
62937,1,0,0,0,0.0,-39.0,CM,0,0,1,0,0,0,1,0,1,0,0,0,0,0
1237811,1,0,0,0,0.0,68.66666666666667,EPON,1,0,0,0,0,0,0,1,0,0,0,1,0,0
1203578,1,0,0,0,0.0,57.333333333333336,EPON,1,0,0,0,0,0,0,1,0,0,0,1,0,0
1091542,2,0,0,0,0.0,-12.0,CM,0,0,1,0,0,0,1,0,1,0,0,0,0,0
1049866,1,0,0,0,3.0,-11.0,EPON,0,1,0,0,0,0,0,1,1,0,0,0,0,0
1022181,1,0,0,0,0.0,-9.0,EPON,0,0,1,0,0,0,0,1,0,0,0,0,1,0
1149920,1,0,0,0,0.0,50.333333333333336,CM,1,0,0,0,0,0,1,0,0,0,0,1,0,0
1189812,1,0,0,0,0.0,12.5,EPON,0,0,1,0,0,0,0,1,0,0,0,0,1,0
1159696,1,0,0,0,0.0,-19.0,EPON,0,0,1,0,0,0,0,1,0,0,0,0,1,0
88085,1,1,0,0,2.0,-9.0,CM,0,0,1,0,0,0,1,0,0,0,0,0,1,0
1093169,1,0,0,0,0.0,-19.0,CM,0,0,0,1,0,0,1,0,1,0,0,0,0,0
1255156,1,0,0,0,0.0,65.66666666666667,CM,1,0,0,0,0,0,1,0,0,0,0,1,0,0
1138855,1,0,0,0,0.0,75.33333333333333,CM,1,0,0,0,0,0,1,0,0,0,0,1,0,0
1239332,1,0,0,0,0.0,75.33333333333333,CM,1,0,0,0,0,0,1,0,0,0,0,1,0,0
1140578,1,0,0,0,0.0,74.33333333333333,EPON,1,0,0,0,0,0,0,1,0,0,0,1,0,0
972584,1,0,0,0,0.0,-10.25,EPON,1,0,0,0,0,0,0,1,0,0,0,0,1,0
1017768,1,0,0,0,2.0,7.0,EPON,1,0,0,0,0,0,0,1,0,0,0,0,1,0
1240357,1,0,0,0,0.0,52.333333333333336,EPON,1,0,0,0,0,0,0,1,0,0,0,1,0,0
1153744,1,0,0,0,0.0,37.0,EPON,0,0,1,0,0,0,0,1,0,0,0,0,1,0
1096904,1,0,0,0,0.0,-20.0,EPON,0,0,0,1,0,0,0,1,0,0,0,0,1,0
839399,1,0,0,0,0.0,-17.0,EPON,0,0,1,0,0,0,0,1,0,0,0,0,1,0
789836,1,0,0,0,0.0,-25.0,CM,0,0,0,1,0,0,1,0,0,0,0,0,1,0
947545,2,0,0,0,2.0,1.0,EPON,0,0,0,0,0,1,0,1,1,0,0,0,0,0
693288,1,0,0,0,-1.0,1.0,CM,1,0,0,0,0,0,1,0,1,0,0,0,0,0
983260,1,0,0,0,0.0,-5.0,EPON,0,0,0,1,0,0,0,1,1,0,0,0,0,0
1157487,1,1,0,0,0.0,55.333333333333336,CM,1,0,0,0,0,0,1,0,0,0,0,1,0,0
1267815,1,0,0,0,0.0,0.0,EPON,0,0,0,1,0,0,0,1,1,0,0,0,0,0
1139399,1,0,0,0,0.0,75.33333333333333,EPON,1,0,0,0,0,0,0,1,0,0,0,1,0,0
1135660,1,0,0,0,0.0,3.0,EPON,0,0,1,0,0,0,0,1,0,0,0,0,1,0
1175063,1,0,0,0,0.0,74.33333333333333,EPON,1,0,0,0,0,0,0,1,0,0,0,1,0,0
1219655,1,0,0,0,0.0,54.333333333333336,EPON,1,0,0,0,0,0,0,1,0,0,0,1,0,0
710592,1,0,0,0,3.0,2.0,CM,0,0,0,1,0,0,1,0,1,0,0,0,0,0
18947,1,0,0,0,0.0,30.0,EPON,0,0,1,0,0,0,0,1,0,0,0,0,1,0
700356,1,0,0,0,0.0,33.0,EPON,0,0,1,0,0,0,0,1,0,0,0,0,1,0
102021,1,0,0,0,0.0,-23.0,EPON,0,1,0,0,0,0,0,1,0,0,0,0,1,0
1140343,1,0,0,0,0.0,-8.0,EPON,0,0,1,0,0,0,0,1,0,1,0,0,0,0
1148287,1,0,0,0,0.0,55.333333333333336,EPON,1,0,0,0,0,0,0,1,0,0,0,1,0,0
1096231,2,0,0,0,0.0,9.0,EPON,0,0,0,1,0,0,0,1,1,0,0,0,0,0
1132985,1,0,0,0,-1.0,41.0,EPON,0,0,1,0,0,0,0,1,0,0,0,0,1,0
132830,1,0,0,0,0.0,60.333333333333336,EPON,1,0,0,0,0,0,0,1,0,0,0,1,0,0
136205,1,0,0,0,0.0,50.333333333333336,CM,1,0,0,0,0,0,1,0,0,0,0,1,0,0
1226995,1,0,0,0,0.0,77.66666666666667,EPON,1,0,0,0,0,0,0,1,0,0,0,1,0,0
835428,1,0,0,0,0.0,100.0,EPON,1,0,0,0,0,0,0,1,0,0,1,0,0,0
922772,1,0,0,0,0.0,-43.0,EPON,0,0,0,1,0,0,0,1,0,0,0,0,1,0
1267624,1,0,0,0,0.0,37.0,EPON,1,0,0,0,0,0,0,1,0,0,0,1,0,0
1267902,1,0,0,0,0.0,13.0,EPON,0,0,0,1,0,0,0,1,1,0,0,0,0,0
1248563,1,0,0,0,0.0,57.333333333333336,EPON,1,0,0,0,0,0,0,1,0,0,0,1,0,0
1145990,1,0,0,0,0.0,74.33333333333333,CM,1,0,0,0,0,0,1,0,0,0,0,1,0,0
1223331,1,0,0,0,0.0,72.33333333333333,EPON,1,0,0,0,0,0,0,1,0,0,0,1,0,0
1266453,1,0,0,0,0.0,64.0,EPON,1,0,0,0,0,0,0,1,0,0,0,1,0,0
1155575,1,0,0,0,0.0,75.33333333333333,EPON,1,0,0,0,0,0,0,1,0,0,0,1,0,0
1142517,1,0,0,0,0.0,75.33333333333333,EPON,1,0,0,0,0,0,0,1,0,0,0,1,0,0
1152554,1,0,0,0,0.0,55.333333333333336,EPON,1,0,0,0,0,0,0,1,0,0,0,1,0,0
1146285,1,0,0,0,0.0,69.33333333333333,EPON,1,0,0,0,0,0,0,1,0,0,0,1,0,0
1180580,1,1,0,0,0.0,64.33333333333333,EPON,1,0,0,0,0,0,0,1,0,0,0,1,0,0
21617,1,0,0,0,0.0,-24.0,EPON,0,0,1,0,0,0,0,1,0,0,0,0,1,0
1152143,1,0,0,0,0.0,75.33333333333333,EPON,1,0,0,0,0,0,0,1,0,0,0,1,0,0
1246464,1,0,0,0,0.0,65.66666666666667,EPON,1,0,0,0,0,0,0,1,0,0,0,1,0,0
1154041,1,0,0,0,0.0,67.33333333333333,EPON,1,0,0,0,0,0,0,1,0,0,0,1,0,0
76975,1,0,0,0,0.0,-7.0,EPON,0,0,0,1,0,0,0,1,0,0,0,0,1,0
1260202,1,0,0,0,0.0,70.66666666666667,EPON,1,0,0,0,0,0,0,1,0,0,0,1,0,0
1201645,1,0,0,0,0.0,75.33333333333333,EPON,1,0,0,0,0,0,0,1,0,0,0,1,0,0
1164012,1,0,0,0,0.0,50.333333333333336,EPON,1,0,0,0,0,0,0,1,0,0,0,1,0,0
1142538,1,0,0,0,0.0,74.33333333333333,EPON,1,0,0,0,0,0,0,1,0,0,0,1,0,0
936574,1,0,0,0,0.0,5.0,EPON,0,0,0,1,0,0,0,1,0,0,0,0,1,0
925294,1,0,0,0,0.0,5.0,EPON,0,0,1,0,0,0,0,1,1,0,0,0,0,0
1138783,1,0,0,0,0.0,72.33333333333333,EPON,1,0,0,0,0,0,0,1,0,0,0,1,0,0
1145929,1,0,0,0,0.0,75.33333333333333,EPON,1,0,0,0,0,0,0,1,0,0,0,1,0,0
1135973,1,0,0,0,0.0,72.33333333333333,EPON,1,0,0,0,0,0,0,1,0,0,0,1,0,0
1155001,1,0,0,0,0.0,74.33333333333333,EPON,1,0,0,0,0,0,0,1,0,0,0,1,0,0
1042866,1,0,0,0,0.0,-5.0,EPON,0,0,0,1,0,0,0,1,0,0,0,0,1,0
1193399,1,0,0,0,0.0,69.33333333333333,EPON,1,0,0,0,0,0,0,1,0,0,0,1,0,0
1084024,1,0,0,0,0.0,-7.0,EPON,0,0,1,0,0,0,0,1,0,0,0,0,1,0
1218987,1,0,0,0,0.0,71.66666666666667,EPON,1,0,0,0,0,0,0,1,0,0,0,1,0,0
87248,1,0,0,0,0.0,75.33333333333333,EPON,1,0,0,0,0,0,0,1,0,0,0,1,0,0
1177929,1,0,0,0,0.0,57.333333333333336,EPON,1,0,0,0,0,0,0,1,0,0,0,1,0,0
79186,2,0,0,0,0.0,-25.0,CM,0,1,0,0,0,0,1,0,0,0,0,0,1,0
1127463,1,0,0,0,0.0,1.0,EPON,0,0,0,1,0,0,0,1,1,0,0,0,0,0
1159865,1,0,0,0,0.0,62.333333333333336,CM,1,0,0,0,0,0,1,0,0,0,0,1,0,0
9854,2,0,0,0,0.0,9.0,CM,0,0,1,0,0,0,1,0,0,0,0,0,0,1
1084249,1,0,0,0,0.0,-2.0,EPON,0,0,1,0,0,0,0,1,0,0,0,0,1,0
672744,1,0,0,0,0.0,-15.0,EPON,0,0,0,1,0,0,0,1,1,0,0,0,0,0
1170993,1,0,0,0,0.0,52.333333333333336,CM,1,0,0,0,0,0,1,0,0,0,0,1,0,0
1221832,2,0,0,0,0.0,69.33333333333333,EPON,1,0,0,0,0,0,0,1,0,0,0,1,0,0
56061,2,0,0,0,0.0,69.33333333333333,CM,1,0,0,0,0,0,1,0,0,0,0,1,0,0
1266456,1,0,0,0,0.0,2.0,CM,0,0,0,1,0,0,1,0,1,0,0,0,0,0
1224396,1,0,0,0,0.0,54.333333333333336,EPON,1,0,0,0,0,0,0,1,0,0,0,1,0,0
828375,4,1,0,0,0.0,130.0,EPON,0,0,0,1,0,0,0,1,0,0,1,0,0,0
1095550,1,0,0,0,0.0,-102.5,EPON,0,0,1,0,0,0,0,1,0,0,1,0,0,0
780099,1,0,0,0,0.0,-8.0,CM,0,0,1,0,0,0,1,0,1,0,0,0,0,0
1236078,1,0,0,0,0.0,-22.0,CM,0,0,0,1,0,0,1,0,0,0,0,0,1,0
6198,1,0,0,0,0.0,74.33333333333333,EPON,1,0,0,0,0,0,0,1,0,0,0,1,0,0
1159435,1,0,0,0,0.0,75.33333333333333,EPON,1,0,0,0,0,0,0,1,0,0,0,1,0,0
1266532,1,0,0,0,0.0,59.0,EPON,1,0,0,0,0,0,0,1,0,0,0,1,0,0
1238406,2,0,0,0,2.0,79.66666666666667,CM,1,0,0,0,0,0,1,0,0,0,0,1,0,0
1149005,1,0,0,0,0.0,69.33333333333333,EPON,1,0,0,0,0,0,0,1,0,0,0,1,0,0
1147597,1,0,0,0,0.0,25.0,,0,0,0,1,0,0,0,0,0,0,0,0,1,0
38962,1,0,0,0,0.0,-19.0,CM,0,0,1,0,0,0,1,0,1,0,0,0,0,0
117510,1,0,0,0,0.0,-38.0,CM,0,0,0,1,0,0,1,0,0,0,0,0,1,0
1259447,2,0,0,0,0.0,64.33333333333333,EPON,1,0,0,0,0,0,0,1,0,0,0,1,0,0
730705,1,0,0,0,-1.0,-5.0,EPON,0,0,1,0,0,0,0,1,1,0,0,0,0,0
1161132,1,0,0,0,0.0,69.33333333333333,CM,1,0,0,0,0,0,1,0,0,0,0,1,0,0
1168670,1,0,0,0,0.0,64.33333333333333,EPON,1,0,0,0,0,0,0,1,0,0,0,1,0,0
1254686,1,0,0,0,0.0,57.66666666666666,EPON,1,0,0,0,0,0,0,1,0,0,0,1,0,0
840367,2,0,0,0,-2.5,-10.0,CM,0,0,0,1,0,0,1,0,1,0,0,0,0,0
910916,1,0,0,0,0.0,-11.0,EPON,0,0,1,0,0,0,0,1,0,0,0,0,1,0
1231395,2,0,0,0,0.0,62.66666666666666,CM,1,0,0,0,0,0,1,0,0,0,0,1,0,0
841413,1,0,0,0,0.0,7.0,CM,0,0,0,1,0,0,1,0,0,0,0,0,1,0
875367,1,0,0,0,0.0,-7.0,CM,0,0,0,1,0,0,1,0,1,0,0,0,0,0
1230584,1,1,0,0,-0.5,59.66666666666666,EPON,1,0,0,0,0,0,0,1,0,0,0,1,0,0
1260477,2,0,0,0,0.0,67.0,EPON,1,0,0,0,0,0,0,1,0,0,0,1,0,0
1156829,1,0,0,0,0.0,75.33333333333333,CM,1,0,0,0,0,0,1,0,0,0,0,1,0,0
854587,1,0,0,0,0.0,62.0,EPON,0,0,1,0,0,0,0,1,0,0,1,0,0,0
1182205,1,0,0,0,0.0,69.33333333333333,EPON,1,0,0,0,0,0,0,1,0,0,0,1,0,0
994639,1,0,0,0,0.0,9.0,CM,0,0,1,0,0,0,1,0,0,0,0,0,1,0
1217224,1,0,0,0,0.0,77.66666666666667,CM,1,0,0,0,0,0,1,0,0,0,0,1,0,0
1267681,1,0,0,0,0.0,1.0,,0,0,0,1,0,0,0,0,1,0,0,0,0,0
682681,1,0,0,0,0.0,2.0,CM,0,0,1,0,0,0,1,0,1,0,0,0,0,0
1151469,1,0,0,0,0.0,55.333333333333336,EPON,1,0,0,0,0,0,0,1,0,0,0,1,0,0
1146436,1,0,0,0,1.0,50.333333333333336,EPON,1,0,0,0,0,0,0,1,0,0,0,1,0,0
1022137,1,0,0,0,0.0,0.75,EPON,0,1,0,0,0,0,0,1,1,0,0,0,0,0
1200234,1,0,0,0,0.0,55.333333333333336,EPON,1,0,0,0,0,0,0,1,0,0,0,1,0,0
1152239,1,0,0,0,0.0,52.333333333333336,EPON,1,0,0,0,0,0,0,1,0,0,0,1,0,0
1176669,1,0,0,0,0.0,-45.0,EPON,0,0,1,0,0,0,0,1,1,0,0,0,0,0
1187608,1,0,0,0,0.0,71.33333333333333,CM,1,0,0,0,0,0,1,0,0,0,0,1,0,0
1158006,1,0,0,0,0.0,52.333333333333336,EPON,1,0,0,0,0,0,0,1,0,0,0,1,0,0
1184958,1,0,0,0,0.0,54.333333333333336,EPON,1,0,0,0,0,0,0,1,0,0,0,1,0,0
1257552,1,0,0,0,0.0,71.66666666666667,EPON,1,0,0,0,0,0,0,1,0,0,0,1,0,0
1223269,1,0,0,0,0.0,77.66666666666667,CM,1,0,0,0,0,0,1,0,0,0,0,1,0,0
1165540,1,0,0,0,0.0,59.333333333333336,EPON,1,0,0,0,0,0,0,1,0,0,0,1,0,0
784536,1,0,0,0,0.0,-6.0,EPON,0,0,0,0,1,0,0,1,1,0,0,0,0,0
1140328,1,0,0,0,0.0,54.333333333333336,EPON,1,0,0,0,0,0,0,1,0,0,0,1,0,0
1058846,1,0,0,0,0.0,16.5,CM,0,0,0,1,0,0,1,0,0,0,0,0,1,0
817476,1,0,0,0,0.0,-2.0,CM,1,0,0,0,0,0,1,0,1,0,0,0,0,0
1217636,1,0,0,0,0.0,57.66666666666666,CM,1,0,0,0,0,0,1,0,0,0,0,1,0,0
1252110,1,0,0,0,0.0,71.66666666666667,CM,1,0,0,0,0,0,1,0,0,0,0,1,0,0
826761,1,0,0,0,0.0,-8.0,EPON,0,0,1,0,0,0,0,1,1,0,0,0,0,0
731414,1,0,0,0,0.0,-12.0,CM,0,0,1,0,0,0,1,0,1,0,0,0,0,0
1197574,1,0,0,0,8.0,52.333333333333336,EPON,1,0,0,0,0,0,0,1,0,0,0,1,0,0
1192041,1,0,0,0,8.0,74.33333333333333,EPON,1,0,0,0,0,0,0,1,0,0,0,1,0,0
1096304,1,0,0,0,0.0,-12.0,EPON,0,0,1,0,0,0,0,1,1,0,0,0,0,0
1158750,1,0,0,0,0.0,55.333333333333336,EPON,1,0,0,0,0,0,0,1,0,0,0,1,0,0
1055999,1,1,0,0,0.0,-14.0,EPON,0,0,0,1,0,0,0,1,1,0,0,0,0,0
1152978,1,0,0,0,0.0,48.333333333333336,EPON,1,0,0,0,0,0,0,1,0,0,0,1,0,0
688186,1,0,0,0,0.0,18.0,EPON,0,0,0,1,0,0,0,1,0,0,0,0,1,0
1207323,1,0,0,0,0.0,65.33333333333333,EPON,1,0,0,0,0,0,0,1,0,0,0,1,0,0
906922,1,0,0,0,4.0,2.0,EPON,0,1,0,0,0,0,0,1,0,0,0,0,1,0
8220,2,0,0,0,0.0,27.0,EPON,0,0,1,0,0,0,0,1,1,0,0,0,0,0
963334,3,0,0,0,1.3333333333333333,-26.0,EPON,0,0,0,1,0,0,0,1,0,0,0,0,1,0
1266691,1,0,0,0,0.0,3.0,EPON,0,0,0,1,0,0,0,1,1,0,0,0,0,0
53128,1,0,0,0,0.0,-8.0,CM,0,0,1,0,0,0,1,0,1,0,0,0,0,0
102129,1,0,0,0,0.0,54.333333333333336,EPON,1,0,0,0,0,0,0,1,0,0,0,1,0,0
141675,1,0,0,0,0.0,-15.0,EPON,0,0,0,1,0,0,0,1,1,0,0,0,0,0
1266190,2,0,0,0,0.0,54.0,CM,1,0,0,0,0,0,1,0,0,0,0,1,0,0
137351,1,0,0,0,0.0,60.333333333333336,EPON,0,1,0,0,0,0,0,1,0,0,0,1,0,0
684632,1,0,0,0,0.0,-19.0,CM,0,0,0,1,0,0,1,0,1,0,0,0,0,0
1026340,1,0,0,0,0.0,25.0,EPON,0,0,0,1,0,0,0,1,0,0,0,0,1,0
1155066,1,0,0,0,0.0,74.33333333333333,EPON,1,0,0,0,0,0,0,1,0,0,0,1,0,0
1148983,1,0,0,0,0.0,71.33333333333333,CM,1,0,0,0,0,0,1,0,0,0,0,1,0,0
1036693,1,0,0,0,0.0,-16.0,EPON,0,0,0,1,0,0,0,1,1,0,0,0,0,0
94755,1,0,0,0,0.0,1.0,,0,0,1,0,0,0,0,0,1,0,0,0,0,0
793268,1,0,0,0,12.0,2.0,CM,0,0,0,1,0,0,1,0,1,0,0,0,0,0
1208990,1,0,0,0,1.0,52.333333333333336,CM,1,0,0,0,0,0,1,0,0,0,0,1,0,0
770568,1,0,0,0,8.0,-19.0,EPON,0,0,1,0,0,0,0,1,0,0,0,0,1,0
1051529,1,0,0,0,0.0,62.333333333333336,EPON,1,0,0,0,0,0,0,1,0,0,0,1,0,0
1256894,1,0,0,0,0.0,68.66666666666667,EPON,1,0,0,0,0,0,0,1,0,0,0,1,0,0
1238294,1,0,0,0,0.0,79.66666666666667,CM,1,0,0,0,0,0,1,0,0,0,0,1,0,0
148752,1,0,0,0,0.0,-25.0,CM,0,1,0,0,0,0,1,0,1,0,0,0,0,0
902036,1,0,0,0,-1.0,-18.0,EPON,0,0,0,1,0,0,0,1,1,0,0,0,0,0
826749,1,0,0,0,0.0,3.0,EPON,0,0,1,0,0,0,0,1,1,0,0,0,0,0
1166133,1,0,0,0,0.0,48.333333333333336,EPON,1,0,0,0,0,0,0,1,0,0,0,1,0,0
1156637,1,0,0,0,0.0,62.333333333333336,EPON,1,0,0,0,0,0,0,1,0,0,0,1,0,0
1254598,1,0,0,0,0.0,81.66666666666667,EPON,1,0,0,0,0,0,0,1,0,0,0,1,0,0
1243569,1,0,0,0,0.0,59.333333333333336,EPON,1,0,0,0,0,0,0,1,0,0,0,1,0,0
1267082,1,0,0,0,0.0,1.0,EPON,0,0,1,0,0,0,0,1,1,0,0,0,0,0
1137088,1,0,0,0,0.0,30.0,EPON,0,0,1,0,0,0,0,1,0,0,0,0,1,0
1150114,1,0,0,0,0.0,52.333333333333336,CM,1,0,0,0,0,0,1,0,0,0,0,1,0,0
1237201,1,0,0,0,0.0,50.333333333333336,CM,1,0,0,0,0,0,1,0,0,0,0,1,0,0
947891,1,0,0,0,0.0,2.0,EPON,0,0,0,0,1,0,0,1,1,0,0,0,0,0
705657,1,0,0,0,0.0,-16.0,EPON,0,0,1,0,0,0,0,1,1,0,0,0,0,0
876569,1,0,0,0,0.0,1.5,CM,0,0,0,1,0,0,1,0,1,0,0,0,0,0
1233951,1,0,0,0,0.0,3.0,EPON,0,0,1,0,0,0,0,1,0,0,0,0,1,0
1179454,1,0,0,0,0.0,50.333333333333336,EPON,1,0,0,0,0,0,0,1,0,0,0,1,0,0
1258474,1,0,0,0,0.0,69.33333333333333,EPON,1,0,0,0,0,0,0,1,0,0,0,1,0,0
1250570,1,0,0,0,0.0,72.33333333333333,EPON,1,0,0,0,0,0,0,1,0,0,0,1,0,0
746716,1,0,0,0,0.0,3.0,EPON,0,0,0,1,0,0,0,1,1,0,0,0,0,0
10165,1,0,0,0,0.0,-34.0,CM,0,0,0,1,0,0,1,0,1,0,0,0,0,0
1244527,1,0,0,0,0.0,57.333333333333336,EPON,1,0,0,0,0,0,0,1,0,0,0,1,0,0
114033,1,0,0,0,0.0,-47.0,CM,0,0,0,1,0,0,1,0,0,0,0,0,1,0
72086,1,0,0,0,0.0,4.0,EPON,0,0,0,1,0,0,0,1,0,0,0,0,1,0
1231136,1,0,0,0,0.0,62.333333333333336,CM,1,0,0,0,0,0,1,0,0,0,0,1,0,0
112951,1,0,0,0,0.0,-29.0,CM,1,0,0,0,0,0,1,0,1,0,0,0,0,0
881977,3,0,0,0,1.3333333333333333,-31.0,CM,0,0,1,0,0,0,1,0,1,0,0,0,0,0
1159803,1,0,0,0,0.0,55.333333333333336,CM,1,0,0,0,0,0,1,0,0,0,0,1,0,0
1009230,2,0,0,0,-3.0,108.0,EPON,0,0,0,1,0,0,0,1,0,0,1,0,0,0
711708,1,0,0,0,2.0,-14.0,CM,0,0,1,0,0,0,1,0,0,0,0,0,1,0
912080,1,0,0,0,0.0,21.0,,0,0,0,1,0,0,0,0,1,0,0,0,0,0
1261172,1,0,0,0,0.0,45.66666666666666,EPON,1,0,0,0,0,0,0,1,0,0,0,1,0,0
874974,2,0,0,0,3.5,-16.0,EPON,0,0,1,0,0,0,0,1,0,0,0,0,1,0
68659,1,0,0,0,0.0,-34.0,EPON,0,0,1,0,0,0,0,1,0,0,0,0,1,0
851067,1,0,0,0,0.0,38.0,CM,0,0,1,0,0,0,1,0,0,0,0,0,1,0
1140801,1,0,0,0,0.0,48.333333333333336,EPON,1,0,0,0,0,0,0,1,0,0,0,1,0,0
1236230,1,0,0,0,0.0,71.33333333333333,CM,1,0,0,0,0,0,1,0,0,0,0,1,0,0
1180056,1,0,0,0,0.0,67.33333333333333,EPON,1,0,0,0,0,0,0,1,0,0,0,1,0,0
1137854,1,0,0,0,0.0,75.33333333333333,CM,1,0,0,0,0,0,1,0,0,0,0,1,0,0
149479,1,0,0,0,0.0,-33.0,EPON,0,0,1,0,0,0,0,1,0,0,0,0,1,0
688744,1,0,0,0,0.0,-12.0,EPON,0,0,1,0,0,0,0,1,0,0,0,0,1,0
1267318,1,0,0,0,0.0,42.0,EPON,1,0,0,0,0,0,0,1,0,0,0,1,0,0
146440,1,0,0,0,0.0,-8.0,EPON,0,0,1,0,0,0,0,1,1,0,0,0,0,0
1210869,1,0,0,0,0.0,20.0,EPON,0,0,1,0,0,0,0,1,0,0,0,0,1,0
1155952,1,0,0,0,0.0,48.333333333333336,EPON,1,0,0,0,0,0,0,1,0,0,0,1,0,0
1254134,1,0,0,0,0.0,71.66666666666667,EPON,1,0,0,0,0,0,0,1,0,0,0,1,0,0
147229,1,0,0,0,0.0,30.0,CM,0,0,1,0,0,0,1,0,0,0,0,0,1,0
1239071,1,0,0,0,0.0,52.333333333333336,EPON,1,0,0,0,0,0,0,1,0,0,0,1,0,0
33912,1,0,0,0,4.0,1.0,CM,0,0,1,0,0,0,1,0,1,0,0,0,0,0
928896,1,0,0,0,0.0,-3.0,EPON,0,0,1,0,0,0,0,1,0,0,0,0,1,0
80490,1,0,0,0,0.0,45.5,CM,0,0,1,0,0,0,1,0,1,0,0,0,0,0
1193559,1,0,0,0,0.0,57.333333333333336,EPON,1,0,0,0,0,0,0,1,0,0,0,1,0,0
1136303,1,0,0,0,-1.0,59.333333333333336,CM,1,0,0,0,0,0,1,0,0,0,0,1,0,0
745844,1,0,0,0,2.0,2.0,EPON,0,0,0,1,0,0,0,1,1,0,0,0,0,0
906255,1,0,0,0,2.0,-7.666666666666667,EPON,1,0,0,0,0,0,0,1,0,0,0,0,1,0
1135666,1,0,0,0,0.0,10.0,EPON,0,0,0,1,0,0,0,1,1,0,0,0,0,0
1241691,1,0,0,0,0.0,74.66666666666667,EPON,1,0,0,0,0,0,0,1,0,0,0,1,0,0
1154950,1,0,0,0,0.0,25.0,EPON,0,0,1,0,0,0,0,1,0,0,0,0,1,0
1252900,1,0,0,0,4.0,79.66666666666667,CM,1,0,0,0,0,0,1,0,0,0,0,1,0,0
1266093,1,0,0,0,0.0,56.0,CM,1,0,0,0,0,0,1,0,0,0,0,1,0,0
1155919,1,0,0,0,0.0,50.333333333333336,EPON,1,0,0,0,0,0,0,1,0,0,0,1,0,0
1241291,1,0,0,0,0.0,59.66666666666666,EPON,1,0,0,0,0,0,0,1,0,0,0,1,0,0
133888,1,0,0,0,0.0,74.66666666666667,CM,1,0,0,0,0,0,1,0,0,0,0,1,0,0
1149597,1,0,0,0,0.0,60.333333333333336,EPON,1,0,0,0,0,0,0,1,0,0,0,1,0,0
830771,1,0,0,0,11.0,-24.0,CM,0,0,0,1,0,0,1,0,0,0,0,0,1,0
1224714,1,0,0,0,0.0,57.66666666666666,CM,1,0,0,0,0,0,1,0,0,0,0,1,0,0
793928,1,0,0,0,0.0,6.0,CM,0,0,1,0,0,0,1,0,1,0,0,0,0,0
946057,1,0,0,0,0.0,-14.0,EPON,0,0,1,0,0,0,0,1,1,0,0,0,0,0
1159139,1,0,0,0,0.0,-30.0,EPON,0,0,1,0,0,0,0,1,0,0,0,0,1,0
1198335,1,0,0,0,0.0,54.333333333333336,EPON,1,0,0,0,0,0,0,1,0,0,0,1,0,0
755197,2,0,0,0,0.0,52.333333333333336,CM,1,0,0,0,0,0,1,0,0,0,0,1,0,0
1134438,3,0,0,0,0.0,64.33333333333333,CM,1,0,0,0,0,0,1,0,0,0,0,1,0,0
835431,1,0,0,0,0.0,100.0,EPON,1,0,0,0,0,0,0,1,0,0,1,0,0,0
1267710,1,0,0,0,0.0,33.0,EPON,1,0,0,0,0,0,0,1,0,0,0,1,0,0
1155412,1,0,0,0,0.0,65.33333333333333,CM,1,0,0,0,0,0,1,0,0,0,0,1,0,0
1209055,1,0,0,0,0.0,-21.0,EPON,0,0,1,0,0,0,0,1,0,0,0,0,1,0
1206961,1,0,0,0,0.0,69.33333333333333,EPON,1,0,0,0,0,0,0,1,0,0,0,1,0,0
821234,1,0,0,0,0.0,-13.0,EPON,0,0,1,0,0,0,0,1,0,0,0,0,1,0
73883,1,0,0,0,0.0,48.333333333333336,EPON,1,0,0,0,0,0,0,1,0,0,0,1,0,0
1180192,1,0,0,0,0.0,74.33333333333333,EPON,1,0,0,0,0,0,0,1,0,0,0,1,0,0
944734,1,0,0,0,0.0,-27.0,EPON,0,0,1,0,0,0,0,1,1,0,0,0,0,0
1190718,1,0,0,0,0.0,3.0,CM,0,0,0,1,0,0,1,0,0,0,0,0,1,0
728226,1,0,0,0,0.0,-12.0,CM,0,0,1,0,0,0,1,0,1,0,0,0,0,0
1174620,2,0,0,0,0.0,-30.0,EPON,0,0,1,0,0,0,0,1,1,0,0,0,0,0
736619,1,0,0,0,0.0,60.333333333333336,CM,1,0,0,0,0,0,1,0,0,0,0,1,0,0
700690,1,0,0,0,0.0,3.0,EPON,0,0,0,1,0,0,0,1,1,0,0,0,0,0
1179689,1,0,0,0,0.0,54.333333333333336,EPON,1,0,0,0,0,0,0,1,0,0,0,1,0,0
1231011,1,0,0,0,3.0,48.333333333333336,CM,1,0,0,0,0,0,1,0,0,0,0,1,0,0
1175654,1,0,0,0,4.0,71.33333333333333,EPON,0,0,1,0,0,0,0,1,0,0,0,1,0,0
1251322,1,0,0,0,4.0,74.33333333333333,EPON,1,0,0,0,0,0,0,1,0,0,0,1,0,0
1216408,1,0,0,0,6.0,-30.33333333333333,EPON,1,0,0,0,0,0,0,1,0,0,0,0,1,0
72882,1,0,0,0,0.0,-14.0,CM,0,0,0,1,0,0,1,0,0,0,0,0,1,0
1181158,1,0,0,0,0.0,50.333333333333336,CM,1,0,0,0,0,0,1,0,0,0,0,1,0,0
1209117,1,0,0,0,0.0,62.333333333333336,EPON,1,0,0,0,0,0,0,1,0,0,0,1,0,0
1153137,1,0,0,0,0.0,54.333333333333336,CM,1,0,0,0,0,0,1,0,0,0,0,1,0,0
992838,1,0,0,0,0.0,4.0,,0,0,0,1,0,0,0,0,1,0,0,0,0,0
1143994,1,0,0,0,3.0,52.333333333333336,EPON,1,0,0,0,0,0,0,1,0,0,0,1,0,0
1152468,1,0,0,0,0.0,54.333333333333336,CM,0,0,1,0,0,0,1,0,0,0,0,1,0,0
1146787,1,0,0,0,0.0,64.33333333333333,EPON,1,0,0,0,0,0,0,1,0,0,0,1,0,0
1168931,1,0,0,0,0.0,72.33333333333333,EPON,1,0,0,0,0,0,0,1,0,0,0,1,0,0
1205051,1,0,0,0,0.0,74.33333333333333,EPON,1,0,0,0,0,0,0,1,0,0,0,1,0,0
1163730,1,0,0,0,0.0,59.333333333333336,EPON,1,0,0,0,0,0,0,1,0,0,0,1,0,0
849499,1,0,0,0,0.0,-26.0,EPON,0,0,1,0,0,0,0,1,1,0,0,0,0,0
772412,1,0,0,0,0.0,-7.0,EPON,0,0,1,0,0,0,0,1,0,0,0,0,0,1
746239,1,0,0,0,0.0,-6.0,EPON,0,0,0,1,0,0,0,1,0,0,0,0,1,0
843408,1,0,0,0,0.0,74.33333333333333,CM,1,0,0,0,0,0,1,0,0,0,0,1,0,0
111866,1,0,0,0,0.0,-82.0,,1,0,0,0,0,0,0,0,1,0,0,0,0,0
740239,1,0,0,0,0.0,-10.0,EPON,0,0,1,0,0,0,0,1,1,0,0,0,0,0
1262165,1,0,0,0,0.0,3.0,CM,0,0,1,0,0,0,1,0,1,0,0,0,0,0
697847,1,0,0,0,0.0,-8.333333333333334,CM,0,0,0,1,0,0,1,0,1,0,0,0,0,0
1259311,1,0,0,0,10.0,64.33333333333333,CM,1,0,0,0,0,0,1,0,0,0,0,1,0,0
756367,1,0,0,0,0.0,-25.0,CM,0,0,0,1,0,0,1,0,0,0,0,0,1,0
62061,1,0,0,0,0.0,-5.0,CM,0,0,1,0,0,0,1,0,1,0,0,0,0,0
1169420,1,0,0,0,9.0,60.333333333333336,EPON,1,0,0,0,0,0,0,1,0,0,0,1,0,0
1224047,1,0,0,0,0.0,57.333333333333336,EPON,1,0,0,0,0,0,0,1,0,0,0,1,0,0
815367,1,0,0,0,0.0,-52.5,CM,0,0,1,0,0,0,1,0,0,0,0,0,1,0
813911,1,0,0,0,-1.0,-14.0,EPON,1,0,0,0,0,0,0,1,1,0,0,0,0,0
1230115,1,0,0,0,1.0,74.33333333333333,EPON,1,0,0,0,0,0,0,1,0,0,0,1,0,0
1172355,1,0,0,0,0.0,57.333333333333336,EPON,1,0,0,0,0,0,0,1,0,0,0,1,0,0
1190657,1,0,0,0,0.0,52.333333333333336,EPON,1,0,0,0,0,0,0,1,0,0,0,1,0,0
1177603,1,0,0,0,0.0,69.33333333333333,EPON,1,0,0,0,0,0,0,1,0,0,0,1,0,0
1258792,1,0,0,0,0.0,50.333333333333336,EPON,1,0,0,0,0,0,0,1,0,0,0,1,0,0
1141403,1,0,0,0,0.0,71.33333333333333,CM,1,0,0,0,0,0,1,0,0,0,0,1,0,0
911009,1,0,0,0,0.0,24.0,EPON,0,0,1,0,0,0,0,1,0,0,1,0,0,0
1183768,1,0,0,0,0.0,62.333333333333336,EPON,1,0,0,0,0,0,0,1,0,0,0,1,0,0
1254068,1,0,0,0,0.0,57.333333333333336,EPON,1,0,0,0,0,0,0,1,0,0,0,1,0,0
1254177,1,0,0,0,0.0,71.66666666666667,EPON,1,0,0,0,0,0,0,1,0,0,0,1,0,0
1159337,1,0,0,0,0.0,48.333333333333336,CM,1,0,0,0,0,0,1,0,0,0,0,1,0,0
1230907,1,0,0,0,0.0,65.33333333333333,EPON,1,0,0,0,0,0,0,1,0,0,0,1,0,0
1261333,2,0,0,0,0.0,75.0,EPON,1,0,0,0,0,0,0,1,0,0,0,1,0,0
1151571,1,0,0,0,0.0,69.33333333333333,EPON,1,0,0,0,0,0,0,1,0,0,0,1,0,0
1210789,1,0,0,0,0.0,-11.0,EPON,0,0,1,0,0,0,0,1,0,0,0,0,1,0
1191123,1,0,0,0,0.0,-5.0,EPON,0,0,1,0,0,0,0,1,0,0,0,0,1,0
1260298,1,0,0,0,0.0,74.66666666666667,EPON,1,0,0,0,0,0,0,1,0,0,0,1,0,0
17914,1,0,0,0,0.0,20.0,CM,0,0,1,0,0,0,1,0,0,0,0,0,1,0
820416,1,0,0,0,0.0,-10.0,CM,0,0,1,0,0,0,1,0,1,0,0,0,0,0
1084840,1,0,0,0,0.0,51.333333333333336,EPON,1,0,0,0,0,0,0,1,0,0,1,0,0,0
884231,1,0,0,0,0.0,-3.0,,0,0,0,1,0,0,0,0,0,0,0,0,1,0
1263048,1,0,0,0,0.0,60.333333333333336,CM,1,0,0,0,0,0,1,0,0,0,0,1,0,0
862943,1,0,0,0,0.0,-41.0,CM,0,0,0,1,0,0,1,0,0,0,0,0,1,0
847237,1,0,0,0,4.0,-20.0,CM,0,0,0,1,0,0,1,0,0,0,0,0,1,0
1224270,1,0,0,0,4.0,65.66666666666667,CM,1,0,0,0,0,0,1,0,0,0,0,1,0,0
1206917,1,0,0,0,7.0,1.0,EPON,0,0,1,0,0,0,0,1,1,0,0,0,0,0
1110745,1,0,0,0,7.0,-10.0,CM,0,0,1,0,0,0,1,0,1,0,0,0,0,0
947376,1,0,0,0,13.0,75.33333333333333,EPON,1,0,0,0,0,0,0,1,0,0,0,1,0,0
88335,1,0,0,0,14.0,65.33333333333333,CM,1,0,0,0,0,0,1,0,0,0,0,1,0,0
144156,1,0,0,0,15.0,-4.0,CM,0,0,0,1,0,0,1,0,1,0,0,0,0,0
902320,1,0,0,0,11.0,4.0,EPON,0,0,1,0,0,0,0,1,0,0,0,0,1,0
1215051,1,0,0,0,0.0,79.66666666666667,EPON,1,0,0,0,0,0,0,1,0,0,0,1,0,0
707514,1,0,0,0,0.0,-3.0,EPON,0,0,0,1,0,0,0,1,1,0,0,0,0,0
1217299,2,0,0,0,0.0,59.333333333333336,EPON,1,0,0,0,0,0,0,1,0,0,0,1,0,0
1216121,1,0,0,0,0.0,75.33333333333333,CM,1,0,0,0,0,0,1,0,0,0,0,1,0,0
1228211,1,0,0,0,0.0,74.33333333333333,EPON,1,0,0,0,0,0,0,1,0,0,0,1,0,0
1218714,1,0,0,0,0.0,81.66666666666667,CM,1,0,0,0,0,0,1,0,0,0,0,1,0,0
1046425,1,0,0,0,0.0,-13.0,EPON,0,0,1,0,0,0,0,1,1,0,0,0,0,0
1242232,1,0,0,0,0.0,68.66666666666667,EPON,1,0,0,0,0,0,0,1,0,0,0,1,0,0
1228422,1,0,0,0,0.0,59.333333333333336,EPON,1,0,0,0,0,0,0,1,0,0,0,1,0,0
1262185,3,0,0,0,0.0,57.66666666666666,EPON,1,0,0,0,0,0,0,1,0,0,0,1,0,0
1265004,1,0,0,0,0.0,60.0,CM,1,0,0,0,0,0,1,0,0,0,0,1,0,0
1176897,1,0,0,0,0.0,62.333333333333336,CM,1,0,0,0,0,0,1,0,0,0,0,1,0,0
873459,1,0,0,0,0.0,-56.0,CM,0,0,1,0,0,0,1,0,0,0,0,0,1,0
75419,1,0,0,0,0.0,12.0,CM,0,1,0,0,0,0,1,0,0,0,0,0,1,0
1134135,2,0,0,0,0.0,55.333333333333336,EPON,1,0,0,0,0,0,0,1,0,0,0,1,0,0
1265132,1,0,0,0,0.0,65.0,EPON,1,0,0,0,0,0,0,1,0,0,0,1,0,0
1264578,1,0,0,0,0.0,64.0,EPON,1,0,0,0,0,0,0,1,0,0,0,1,0,0
1077990,1,0,0,0,0.0,-19.0,EPON,0,0,1,0,0,0,0,1,1,0,0,0,0,0
834859,1,0,0,0,0.0,-12.0,CM,0,0,1,0,0,0,1,0,1,0,0,0,0,0
1160969,1,0,0,0,0.0,-35.0,EPON,0,0,1,0,0,0,0,1,0,0,0,0,1,0
1172084,1,0,0,0,0.0,48.333333333333336,CM,1,0,0,0,0,0,1,0,0,0,0,1,0,0
1159942,1,0,0,0,0.0,72.33333333333333,EPON,1,0,0,0,0,0,0,1,0,0,0,1,0,0
1162174,1,0,0,0,0.0,8.0,CM,0,0,1,0,0,0,1,0,1,0,0,0,0,0
1090545,1,0,0,0,0.0,24.0,EPON,0,0,0,1,0,0,0,1,0,0,0,0,1,0
773044,1,0,0,0,4.0,67.33333333333333,CM,1,0,0,0,0,0,1,0,0,0,0,1,0,0
135465,1,0,0,0,0.0,-16.0,CM,0,0,0,1,0,0,1,0,1,0,0,0,0,0
828565,1,0,0,0,0.0,-14.0,CM,0,0,0,1,0,0,1,0,1,0,0,0,0,0
1194613,1,0,0,0,0.0,75.33333333333333,EPON,1,0,0,0,0,0,0,1,0,0,0,1,0,0
63928,1,0,0,0,0.0,-34.0,CM,0,0,1,0,0,0,1,0,0,0,0,0,1,0
123470,1,0,0,0,0.0,59.66666666666666,CM,1,0,0,0,0,0,1,0,0,0,0,1,0,0
1062761,1,0,0,0,0.0,-3.0,EPON,0,0,0,1,0,0,0,1,1,0,0,0,0,0
1109807,1,0,0,0,0.0,5.0,EPON,0,0,1,0,0,0,0,1,0,0,0,0,1,0
988709,1,0,0,0,0.0,-23.0,EPON,0,0,1,0,0,0,0,1,1,0,0,0,0,0
837828,1,0,0,0,0.0,111.0,EPON,0,0,0,1,0,0,0,1,0,0,1,0,0,0
116660,1,0,0,0,0.0,1.0,,0,1,0,0,0,0,0,0,1,0,0,0,0,0
129182,1,0,0,0,0.0,4.0,,0,0,1,0,0,0,0,0,1,0,0,0,0,0
834708,1,0,0,0,0.0,132.0,EPON,0,0,0,1,0,0,0,1,0,0,1,0,0,0
1262694,1,0,0,0,0.0,50.333333333333336,CM,1,0,0,0,0,0,1,0,0,0,0,1,0,0
1009231,2,0,0,0,-0.5,108.0,EPON,0,0,0,1,0,0,0,1,0,0,1,0,0,0
830645,1,0,0,0,0.0,-88.0,EPON,0,0,0,0,0,1,0,1,0,0,1,0,0,0
991844,1,0,0,0,0.0,-13.0,EPON,1,0,0,0,0,0,0,1,0,0,0,0,1,0
1149636,1,0,0,0,0.0,62.333333333333336,EPON,1,0,0,0,0,0,0,1,0,0,0,1,0,0
130821,1,0,0,0,0.0,-7.0,CM,0,0,1,0,0,0,1,0,1,0,0,0,0,0
822814,1,0,0,0,0.0,156.0,EPON,0,0,1,0,0,0,0,1,0,0,1,0,0,0
102478,1,0,0,0,0.0,-25.0,EPON,0,1,0,0,0,0,0,1,0,0,0,0,1,0
1142679,1,0,0,0,0.0,75.33333333333333,EPON,1,0,0,0,0,0,0,1,0,0,0,1,0,0
830634,1,0,0,0,0.0,52.0,EPON,0,0,0,0,0,1,0,1,0,0,1,0,0,0
684141,1,0,0,0,0.0,-8.0,EPON,0,0,1,0,0,0,0,1,0,0,0,0,0,1
1252144,1,0,0,0,0.0,0.0,EPON,0,0,1,0,0,0,0,1,1,0,0,0,0,0
142425,1,0,0,0,0.0,-25.0,EPON,0,0,1,0,0,0,0,1,0,0,0,0,1,0
1151623,1,0,0,0,0.0,15.0,CM,0,0,0,1,0,0,1,0,1,0,0,0,0,0
840687,1,0,0,0,0.0,104.0,EPON,0,0,0,0,0,1,0,1,0,0,1,0,0,0
823886,2,0,0,0,0.0,137.0,EPON,0,0,0,0,0,1,0,1,0,0,1,0,0,0
736274,1,0,0,0,0.0,-24.0,EPON,0,0,1,0,0,0,0,1,1,0,0,0,0,0
912173,1,0,0,0,0.0,-208.0,EPON,0,0,0,1,0,0,0,1,0,0,1,0,0,0
1211746,1,0,0,0,0.0,74.33333333333333,EPON,1,0,0,0,0,0,0,1,0,0,0,1,0,0
1220661,1,0,0,0,0.0,65.66666666666667,EPON,1,0,0,0,0,0,0,1,0,0,0,1,0,0
1265503,1,0,0,0,0.0,0.0,,0,0,0,0,0,1,0,0,1,0,0,0,0,0
1173182,1,0,0,0,0.0,-1.0,CM,0,0,1,0,0,0,1,0,0,0,0,0,1,0
147909,1,0,0,0,1.0,91.0,EPON,0,0,0,1,0,0,0,1,0,0,1,0,0,0
916993,1,0,0,0,1.0,175.0,EPON,0,0,0,1,0,0,0,1,0,0,1,0,0,0
756549,1,0,0,0,0.0,22.0,CM,0,0,1,0,0,0,1,0,0,0,0,0,1,0
884758,1,0,0,0,0.0,-57.0,EPON,0,0,0,0,0,1,0,1,0,0,1,0,0,0
1138016,1,0,0,0,0.0,57.333333333333336,EPON,1,0,0,0,0,0,0,1,0,0,0,1,0,0
1248665,1,0,0,0,0.0,72.33333333333333,EPON,1,0,0,0,0,0,0,1,0,0,0,1,0,0
1174340,1,0,0,0,0.0,71.33333333333333,EPON,1,0,0,0,0,0,0,1,0,0,0,1,0,0
1169428,1,0,0,0,-1.0,55.333333333333336,EPON,1,0,0,0,0,0,0,1,0,0,0,1,0,0
1244898,1,0,0,0,0.0,69.33333333333333,CM,1,0,0,0,0,0,1,0,0,0,0,1,0,0
1233798,1,0,0,0,1.0,69.33333333333333,EPON,1,0,0,0,0,0,0,1,0,0,0,1,0,0
1179008,1,0,0,0,0.0,62.333333333333336,EPON,1,0,0,0,0,0,0,1,0,0,0,1,0,0
1221376,1,0,0,0,7.0,81.66666666666667,EPON,1,0,0,0,0,0,0,1,0,0,0,1,0,0
1266765,1,0,0,0,0.0,1.0,EPON,0,0,0,1,0,0,0,1,1,0,0,0,0,0
1250125,1,0,0,0,0.0,67.33333333333333,EPON,1,0,0,0,0,0,0,1,0,0,0,1,0,0
1209894,1,0,0,0,0.0,60.333333333333336,CM,1,0,0,0,0,0,1,0,0,0,0,1,0,0
727477,1,0,0,0,0.0,-34.0,EPON,0,0,0,1,0,0,0,1,1,0,0,0,0,0
1263882,1,0,0,0,0.0,59.0,EPON,1,0,0,0,0,0,0,1,0,0,0,1,0,0
1252555,1,0,0,0,1.0,64.33333333333333,EPON,1,0,0,0,0,0,0,1,0,0,0,1,0,0
958262,1,0,0,0,0.0,-7.0,EPON,0,0,1,0,0,0,0,1,0,0,0,0,1,0
1230144,1,0,0,0,0.0,62.66666666666666,EPON,1,0,0,0,0,0,0,1,0,0,0,1,0,0
1134137,1,0,0,0,0.0,67.33333333333333,CM,1,0,0,0,0,0,1,0,0,0,0,1,0,0
689916,1,0,0,0,0.0,-15.0,CM,0,0,1,0,0,0,1,0,1,0,0,0,0,0
42889,1,0,0,0,0.0,-18.0,EPON,0,0,0,1,0,0,0,1,1,0,0,0,0,0
684516,1,0,0,0,0.0,-19.0,CM,0,0,1,0,0,0,1,0,1,0,0,0,0,0
1267158,1,0,0,0,0.0,11.0,EPON,0,0,0,0,0,1,0,1,1,0,0,0,0,0
1114944,1,0,0,0,0.0,-8.0,CM,0,0,1,0,0,0,1,0,0,0,0,0,1,0
1236254,1,0,0,0,0.0,55.333333333333336,EPON,1,0,0,0,0,0,0,1,0,0,0,1,0,0
1258860,1,0,0,0,0.0,50.333333333333336,EPON,1,0,0,0,0,0,0,1,0,0,0,1,0,0
978623,1,0,0,0,0.0,59.333333333333336,CM,0,0,0,1,0,0,1,0,0,0,0,1,0,0
93376,1,0,0,0,-1.0,-14.0,EPON,0,0,0,1,0,0,0,1,1,0,0,0,0,0
1152716,1,0,0,0,0.0,50.333333333333336,EPON,1,0,0,0,0,0,0,1,0,0,0,1,0,0
1156314,1,0,0,0,0.0,11.0,EPON,0,0,1,0,0,0,0,1,1,0,0,0,0,0
844377,1,0,0,0,0.0,175.0,EPON,0,0,0,0,0,1,0,1,0,0,1,0,0,0
1069161,1,0,0,0,3.0,1951.0,EPON,0,0,1,0,0,0,0,1,1,0,0,0,0,0
